game_id,game_date,matchup,noise_score,environment_label,drivers,fatigue_home,fatigue_away,fatigue_risk_avg,vol_home,vol_away,vol_risk_avg,asymmetry_score,expected_margin_home,expected_margin_away,games_played_home,games_played_away,maturity_ok
22500001,2025-10-21,Rockets @ Thunder,0.226,Clean,high volatility,9.6,7.2,0.0,6.34,5.94,0.614,0.055,8.39,-9.4,511,484,True
22500002,2025-10-21,Warriors @ Lakers,0.369,Mixed,high volatility,21.3,9.6,0.0,11.38,7.35,0.867,0.326,-3.24,1.39,530,510,True
22500003,2025-10-22,Cavaliers @ Knicks,0.38,Mixed,high volatility,7.2,7.2,0.0,12.04,17.53,1.0,0.152,2.2,-3.07,506,484,True
22500004,2025-10-22,Spurs @ Mavericks,0.379,Mixed,high volatility,7.2,7.2,0.0,24.17,16.4,1.0,0.143,1.87,-2.73,521,471,True
22500080,2025-10-22,Nets @ Hornets,0.402,Mixed,high volatility,7.2,7.2,0.0,11.73,22.86,1.0,0.26,-9.03,8.17,456,489,True
22500081,2025-10-22,Heat @ Magic,0.321,Clean,high volatility,7.2,7.2,0.0,7.91,9.53,0.872,0.077,5.07,-5.93,484,553,True
22500082,2025-10-22,Raptors @ Hawks,0.346,Mixed,high volatility,7.2,11.2,0.0,9.64,9.4,0.952,0.062,2.03,-3.14,492,486,True
22500083,2025-10-22,76ers @ Celtics,0.356,Mixed,high volatility,7.2,7.2,0.0,16.82,15.67,1.0,0.028,12.27,-13.13,565,509,True
22500084,2025-10-22,Pistons @ Bulls,0.352,Mixed,high volatility,7.2,7.2,0.0,6.77,13.82,0.839,0.293,-0.17,-0.7,468,463,True
22500085,2025-10-22,Pelicans @ Grizzlies,0.361,Mixed,high volatility,7.2,7.2,0.0,21.63,18.77,1.0,0.053,-1.83,0.97,504,477,True
22500086,2025-10-22,Wizards @ Bucks,0.326,Clean,high volatility,7.2,7.2,0.0,2.92,15.87,0.646,0.5,10.93,-11.8,528,472,True
22500087,2025-10-22,Clippers @ Jazz,0.409,Mixed,high volatility,7.2,7.2,0.0,11.85,25.45,1.0,0.293,-12.2,11.33,490,514,True
22500088,2025-10-22,Kings @ Suns,0.347,Mixed,high volatility,7.2,7.2,0.0,10.7,9.03,0.952,0.07,3.6,-4.47,518,477,True
22500089,2025-10-22,Timberwolves @ Trail Blazers,0.352,Mixed,high volatility,7.2,7.2,0.0,4.42,26.02,0.721,0.5,3.5,-4.37,477,504,True
22500005,2025-10-23,Thunder @ Pacers,0.416,Mixed,high volatility,7.2,22.3,0.0,17.68,7.83,0.891,0.522,-4.93,3.16,512,512,True
22500006,2025-10-23,Nuggets @ Warriors,0.272,Clean,high volatility,14.4,7.2,0.0,7.38,6.57,0.698,0.138,4.0,-5.3,511,551,True
22500018,2025-10-24,Celtics @ Knicks,0.371,Mixed,high volatility,14.4,14.4,0.0,12.96,16.71,1.0,0.103,2.67,-4.4,507,566,True
22500019,2025-10-24,Timberwolves @ Lakers,0.405,Mixed,high volatility,18.6,14.4,0.0,15.33,28.15,1.0,0.274,-4.85,2.87,531,505,True
22500090,2025-10-24,Hawks @ Magic,0.36,Mixed,high volatility,14.4,14.4,0.0,10.58,11.92,1.0,0.05,4.8,-6.53,485,493,True
22500091,2025-10-24,Cavaliers @ Nets,0.394,Mixed,high volatility,14.4,14.4,0.0,10.31,17.67,1.0,0.218,-6.63,4.9,490,485,True
22500092,2025-10-24,Bucks @ Raptors,0.344,Mixed,high volatility,22.3,14.4,0.0,10.84,2.83,0.641,0.599,1.53,-3.73,487,529,True
22500093,2025-10-24,Pistons @ Rockets,0.349,Mixed,high volatility,12.0,14.4,0.0,6.83,12.2,0.842,0.27,-0.59,-1.0,485,464,True
22500094,2025-10-24,Heat @ Grizzlies,0.371,Mixed,high volatility,14.4,14.4,0.0,23.46,17.72,1.0,0.103,-2.16,0.44,505,554,True
22500095,2025-10-24,Spurs @ Pelicans,0.36,Mixed,high volatility,14.4,14.4,0.0,19.2,16.94,1.0,0.048,-0.06,-1.66,478,472,True
22500096,2025-10-24,Wizards @ Mavericks,0.37,Mixed,high volatility,14.4,14.4,0.0,21.55,16.51,1.0,0.1,10.27,-12.0,522,473,True
22500097,2025-10-24,Warriors @ Trail Blazers,0.572,Mixed,high volatility,14.4,56.2,0.262,11.52,9.15,0.958,0.595,1.17,-5.41,478,512,True
22500098,2025-10-24,Jazz @ Kings,0.35,Mixed,high volatility,14.4,14.4,0.0,9.35,10.7,0.968,0.057,14.14,-15.86,478,491,True
22500099,2025-10-24,Suns @ Clippers,0.395,Mixed,high volatility,14.4,14.4,0.0,21.4,12.07,1.0,0.223,4.04,-5.76,515,519,True
22500100,2025-10-25,Bulls @ Magic,0.376,Mixed,high volatility,28.0,12.0,0.0,9.67,9.37,0.952,0.213,3.92,-6.32,486,469,True
22500101,2025-10-25,Thunder @ Hawks,0.41,Mixed,high volatility,36.8,22.3,0.068,11.06,8.16,0.908,0.308,-5.21,1.66,494,513,True
22500102,2025-10-25,Hornets @ 76ers,0.369,Mixed,high volatility,12.0,12.0,0.0,16.03,12.68,1.0,0.095,10.05,-11.49,510,457,True
22500103,2025-10-25,Pacers @ Grizzlies,0.464,Mixed,high volatility,36.8,14.4,0.068,28.25,19.24,1.0,0.415,-4.64,1.57,506,513,True
22500104,2025-10-25,Suns @ Nuggets,0.377,Mixed,high volatility,14.4,28.0,0.0,7.29,11.81,0.865,0.37,4.84,-7.38,552,520,True
22500105,2025-10-26,Nets @ Spurs,0.36,Mixed,high volatility,14.4,14.4,0.0,11.57,10.22,1.0,0.052,2.4,-4.13,473,491,True
22500106,2025-10-26,Celtics @ Pistons,0.377,Mixed,high volatility,14.4,14.4,0.0,11.96,16.73,1.0,0.135,3.3,-5.03,465,567,True
22500107,2025-10-26,Bucks @ Cavaliers,0.354,Mixed,high volatility,14.4,14.4,0.0,18.04,4.52,0.726,0.5,-0.63,-1.1,486,530,True
22500108,2025-10-26,Knicks @ Heat,0.392,Mixed,high volatility,22.3,14.4,0.0,16.66,12.66,1.0,0.209,-0.67,-1.53,555,508,True
22500109,2025-10-26,Hornets @ Wizards,0.404,Mixed,high volatility,22.3,28.0,0.0,24.12,14.3,1.0,0.27,9.33,-12.35,474,458,True
22500110,2025-10-26,Pacers @ Timberwolves,0.367,Mixed,high volatility,22.3,28.0,0.0,12.59,12.14,1.0,0.086,0.83,-3.85,506,514,True
22500111,2025-10-26,Raptors @ Mavericks,0.421,Mixed,high volatility,14.4,22.3,0.0,21.82,11.33,1.0,0.357,0.14,-2.34,523,488,True
22500112,2025-10-26,Trail Blazers @ Clippers,0.413,Mixed,high volatility,22.3,14.4,0.0,19.96,11.52,1.0,0.317,0.03,-2.23,516,479,True
22500113,2025-10-26,Lakers @ Kings,0.409,Mixed,high volatility,14.4,28.6,0.0,8.54,15.55,0.927,0.424,-1.9,-0.68,479,532,True
22500007,2025-10-27,Cavaliers @ Pistons,0.573,Mixed,high volatility,56.2,47.5,0.437,12.94,12.26,1.0,0.13,0.76,-6.98,466,487,True
22500008,2025-10-27,Nuggets @ Timberwolves,0.601,Mixed,"high volatility, asymmetry mismatch",63.2,14.4,0.332,12.91,7.55,0.877,0.723,2.81,-7.46,507,553,True
22500114,2025-10-27,Magic @ 76ers,0.429,Mixed,high volatility,14.4,31.9,0.019,17.36,7.84,0.892,0.544,-8.16,5.39,511,487,True
22500115,2025-10-27,Hawks @ Bulls,0.458,Mixed,high volatility,14.4,39.8,0.098,8.46,11.7,0.923,0.453,4.37,-7.62,470,495,True
22500116,2025-10-27,Nets @ Rockets,0.499,Mixed,high volatility,12.0,47.5,0.175,8.79,9.68,0.923,0.484,8.75,-12.32,486,492,True
22500117,2025-10-27,Celtics @ Pelicans,0.539,Mixed,"high volatility, asymmetry mismatch",12.0,47.5,0.175,9.32,13.97,0.966,0.612,-7.59,4.02,479,568,True
22500118,2025-10-27,Raptors @ Spurs,0.596,Mixed,high volatility,56.2,56.2,0.524,11.53,13.16,1.0,0.053,-1.97,-4.77,474,489,True
22500119,2025-10-27,Thunder @ Mavericks,0.601,Mixed,high volatility,56.2,39.8,0.36,21.72,8.35,0.917,0.588,-6.31,0.55,524,514,True
22500120,2025-10-27,Suns @ Jazz,0.417,Mixed,high volatility,12.0,31.9,0.019,10.64,11.78,1.0,0.292,-11.19,8.55,492,521,True
22500121,2025-10-27,Grizzlies @ Warriors,0.474,Mixed,high volatility,33.2,39.8,0.13,8.73,21.11,0.936,0.438,3.84,-8.22,513,507,True
22500122,2025-10-27,Trail Blazers @ Lakers,0.645,Mixed,high volatility,63.2,56.2,0.594,12.27,13.87,1.0,0.138,-1.93,-5.24,533,480,True
22500123,2025-10-28,76ers @ Wizards,0.515,Mixed,high volatility,31.9,47.5,0.194,19.4,11.99,1.0,0.387,-9.58,4.82,475,512,True
22500124,2025-10-28,Hornets @ Heat,0.426,Mixed,high volatility,31.9,39.8,0.117,17.59,18.47,1.0,0.117,7.45,-11.75,556,459,True
22500125,2025-10-28,Knicks @ Bucks,0.247,Clean,high volatility,31.9,31.9,0.038,5.32,6.76,0.604,0.093,-0.51,-3.31,531,509,True
22500126,2025-10-28,Kings @ Thunder,0.619,Mixed,high volatility,86.0,39.8,0.598,7.28,6.5,0.689,0.545,1.81,-9.35,515,480,True
22500127,2025-10-28,Clippers @ Warriors,0.742,Noisy,"high volatility, asymmetry mismatch",86.0,39.8,0.598,14.96,20.21,1.0,0.617,-12.93,5.38,514,517,True
22500128,2025-10-29,Cavaliers @ Celtics,0.614,Mixed,high volatility,60.3,52.4,0.527,17.24,15.78,1.0,0.134,-7.32,0.56,569,488,True
22500129,2025-10-29,Magic @ Pistons,0.618,Mixed,"high fatigue load, high volatility",60.3,60.3,0.606,13.49,5.85,0.792,0.342,-0.85,-6.38,467,488,True
22500130,2025-10-29,Hawks @ Nets,0.626,Mixed,"high fatigue load, high volatility",60.3,60.3,0.606,11.23,11.73,1.0,0.018,-9.32,2.08,493,496,True
22500131,2025-10-29,Rockets @ Raptors,0.633,Mixed,"high volatility, asymmetry mismatch",66.6,14.4,0.366,14.08,8.8,0.94,0.695,-2.03,-2.83,490,487,True
22500132,2025-10-29,Kings @ Bulls,0.552,Mixed,high volatility,31.9,86.0,0.519,6.34,5.67,0.601,0.543,4.15,-11.23,471,481,True
22500133,2025-10-29,Pacers @ Mavericks,0.587,Mixed,high volatility,60.3,26.6,0.303,16.52,13.54,1.0,0.501,-1.05,-4.16,525,515,True
22500134,2025-10-29,Pelicans @ Nuggets,0.367,Mixed,high volatility,31.9,31.9,0.038,11.67,11.64,1.0,0.0,0.32,-4.15,554,480,True
22500135,2025-10-29,Trail Blazers @ Jazz,0.565,Mixed,high volatility,31.9,60.3,0.322,7.94,12.15,0.897,0.53,-12.28,6.75,493,481,True
22500136,2025-10-29,Lakers @ Timberwolves,0.648,Mixed,high volatility,66.6,46.1,0.527,11.12,12.43,1.0,0.303,1.67,-8.43,508,534,True
22500137,2025-10-29,Grizzlies @ Suns,0.687,Noisy,high volatility,52.4,66.6,0.59,7.74,19.67,0.887,0.556,2.82,-9.96,522,508,True
22500138,2025-10-30,Magic @ Hornets,0.761,Noisy,"high volatility, asymmetry mismatch",39.8,86.0,0.598,20.47,12.04,1.0,0.71,-8.05,0.51,460,489,True
22500139,2025-10-30,Warriors @ Bucks,0.615,Mixed,"high volatility, asymmetry mismatch",31.9,66.6,0.385,5.42,15.35,0.771,0.859,2.45,-8.36,532,515,True
22500140,2025-10-30,Wizards @ Thunder,0.631,Mixed,"high volatility, asymmetry mismatch",66.6,39.8,0.464,4.58,18.62,0.729,0.835,8.27,-14.65,516,476,True
22500141,2025-10-30,Heat @ Spurs,0.427,Mixed,high volatility,33.2,39.8,0.13,11.9,11.67,1.0,0.091,2.24,-6.62,475,557,True
22500020,2025-10-31,Hawks @ Pacers,0.584,Mixed,high volatility,39.8,60.3,0.401,11.5,11.78,1.0,0.266,-1.65,-4.35,516,497,True
22500021,2025-10-31,Celtics @ 76ers,0.596,Mixed,high volatility,33.2,60.3,0.335,9.39,14.99,0.97,0.532,-8.39,2.78,513,570,True
22500022,2025-10-31,Raptors @ Cavaliers,0.691,Noisy,"high fatigue load, high volatility",60.3,66.6,0.669,16.39,12.06,1.0,0.202,-0.68,-6.93,489,491,True
22500023,2025-10-31,Knicks @ Bulls,0.249,Clean,high volatility,31.9,33.2,0.051,6.0,6.42,0.621,0.043,-0.25,-3.66,472,510,True
22500024,2025-10-31,Lakers @ Grizzlies,0.724,Noisy,"high fatigue load, high volatility",66.6,66.6,0.732,19.51,11.15,1.0,0.223,-7.06,-0.93,509,535,True
22500025,2025-10-31,Jazz @ Suns,0.574,Mixed,high volatility,60.3,31.9,0.322,11.26,12.48,1.0,0.397,10.58,-16.11,523,494,True
22500026,2025-10-31,Nuggets @ Trail Blazers,0.594,Mixed,high volatility,60.3,39.8,0.401,10.74,12.52,1.0,0.32,-1.45,-4.55,482,555,True
22500027,2025-10-31,Pelicans @ Clippers,0.402,Mixed,high volatility,33.2,31.9,0.051,20.18,14.6,1.0,0.143,8.64,-12.55,518,481,True
22500142,2025-11-01,Kings @ Bucks,0.353,Mixed,high volatility,39.8,33.2,0.13,7.26,8.12,0.769,0.127,4.71,-9.09,533,482,True
22500143,2025-11-01,Timberwolves @ Hornets,0.603,Mixed,high volatility,60.3,33.2,0.335,19.17,12.45,1.0,0.51,-9.32,3.71,461,509,True
22500144,2025-11-01,Warriors @ Pacers,0.736,Noisy,"high fatigue load, high volatility",79.0,46.1,0.651,13.63,15.65,1.0,0.466,-4.94,-2.57,517,516,True
22500145,2025-11-01,Magic @ Wizards,0.632,Mixed,high volatility,39.8,66.6,0.464,19.8,18.23,1.0,0.365,-10.75,4.37,477,490,True
22500146,2025-11-01,Rockets @ Celtics,0.722,Noisy,"high volatility, asymmetry mismatch",86.0,12.0,0.5,18.23,10.23,1.0,0.733,-8.16,2.28,571,488,True
22500147,2025-11-01,Mavericks @ Pistons,0.404,Mixed,high volatility,33.2,33.2,0.064,13.83,10.17,1.0,0.127,1.54,-5.53,468,526,True
22500148,2025-11-02,Pelicans @ Thunder,0.448,Mixed,high volatility,38.4,39.8,0.182,7.56,14.9,0.878,0.296,5.5,-10.19,517,482,True
22500149,2025-11-02,76ers @ Nets,0.44,Mixed,high volatility,26.5,39.8,0.098,12.97,15.14,1.0,0.228,8.38,-12.35,494,514,True
22500150,2025-11-02,Jazz @ Hornets,0.746,Noisy,"high volatility, asymmetry mismatch",86.0,39.8,0.598,23.06,16.13,1.0,0.633,-11.39,3.85,462,495,True
22500151,2025-11-02,Hawks @ Cavaliers,0.667,Mixed,high volatility,66.6,46.1,0.527,16.52,11.63,1.0,0.398,2.07,-8.83,490,498,True
22500152,2025-11-02,Grizzlies @ Raptors,0.643,Mixed,high volatility,66.6,46.1,0.527,13.39,12.63,1.0,0.28,2.9,-9.67,492,510,True
22500153,2025-11-02,Bulls @ Knicks,0.39,Mixed,high volatility,39.8,39.8,0.196,8.08,8.76,0.842,0.033,-0.09,-4.69,511,473,True
22500154,2025-11-02,Spurs @ Suns,0.486,Mixed,high volatility,46.1,33.2,0.193,12.35,9.96,0.998,0.251,-3.8,-0.96,524,476,True
22500155,2025-11-02,Heat @ Lakers,0.632,Mixed,high volatility,66.6,33.2,0.398,9.01,14.01,0.951,0.599,-4.33,-1.66,536,558,True
22500156,2025-11-03,Timberwolves @ Nets,0.625,Mixed,high volatility,63.2,46.1,0.493,12.28,10.78,1.0,0.267,-9.93,3.37,495,510,True
22500157,2025-11-03,Bucks @ Pacers,0.452,Mixed,high volatility,46.1,46.1,0.322,9.3,6.68,0.799,0.137,-2.27,-3.27,518,534,True
22500158,2025-11-03,Jazz @ Celtics,0.81,Noisy,"high fatigue load, high volatility",72.9,86.0,0.929,19.69,17.47,1.0,0.209,10.29,-19.83,572,496,True
22500159,2025-11-03,Wizards @ Knicks,0.63,Mixed,high volatility,63.2,46.1,0.493,8.08,14.63,0.904,0.459,9.71,-16.27,512,478,True
22500160,2025-11-03,Mavericks @ Rockets,0.46,Mixed,high volatility,39.8,46.1,0.259,11.09,5.32,0.766,0.377,5.41,-10.57,489,527,True
22500161,2025-11-03,Pistons @ Grizzlies,0.747,Noisy,"high fatigue load, high volatility, asymmetry mismatch",93.0,46.1,0.661,5.7,14.15,0.785,0.872,-5.71,-2.63,511,469,True
22500162,2025-11-03,Kings @ Nuggets,0.455,Mixed,high volatility,33.2,46.1,0.193,12.12,5.51,0.775,0.483,5.01,-9.77,556,483,True
22500163,2025-11-03,Lakers @ Trail Blazers,0.708,Noisy,high volatility,38.4,93.0,0.584,9.74,9.92,0.983,0.507,-0.64,-7.25,483,537,True
22500164,2025-11-03,Heat @ Clippers,0.629,Mixed,"high volatility, asymmetry mismatch",18.6,63.2,0.332,15.58,9.19,0.96,0.717,-1.25,-3.66,519,559,True
22500165,2025-11-04,Bucks @ Raptors,0.81,Noisy,"high fatigue load, high volatility, asymmetry mismatch",52.4,93.0,0.724,17.75,11.65,1.0,0.67,-1.74,-6.98,493,535,True
22500166,2025-11-04,Magic @ Hawks,0.58,Mixed,high volatility,52.4,43.7,0.361,9.87,17.9,0.993,0.35,-4.64,-1.12,499,491,True
22500167,2025-11-04,76ers @ Bulls,0.49,Mixed,high volatility,46.1,46.1,0.322,6.88,12.58,0.844,0.248,5.8,-11.33,474,515,True
22500168,2025-11-04,Hornets @ Pelicans,0.696,Noisy,high volatility,46.1,72.9,0.59,15.05,17.89,1.0,0.402,6.8,-13.94,483,463,True
22500169,2025-11-04,Suns @ Warriors,0.549,Mixed,high volatility,43.7,52.4,0.361,12.41,10.47,1.0,0.18,2.34,-8.11,517,525,True
22500170,2025-11-04,Thunder @ Clippers,0.616,Mixed,high volatility,63.2,52.4,0.556,10.7,7.93,0.896,0.26,-7.19,0.26,520,518,True
22500171,2025-11-05,76ers @ Cavaliers,0.677,Noisy,high volatility,43.7,70.2,0.539,16.48,13.09,1.0,0.423,6.14,-12.98,491,516,True
22500172,2025-11-05,Jazz @ Pistons,0.706,Noisy,"high fatigue load, high volatility",52.4,72.9,0.653,14.36,16.42,1.0,0.31,-0.28,-7.24,470,497,True
22500173,2025-11-05,Nets @ Pacers,0.725,Noisy,"high fatigue load, high volatility",72.9,52.4,0.653,9.35,15.47,0.968,0.463,-4.81,-2.71,519,496,True
22500174,2025-11-05,Wizards @ Celtics,0.775,Noisy,"high fatigue load, high volatility, asymmetry mismatch",79.2,52.4,0.716,17.9,8.69,0.934,0.63,9.35,-17.24,573,479,True
22500175,2025-11-05,Timberwolves @ Knicks,0.563,Mixed,high volatility,52.4,52.4,0.448,11.3,13.07,1.0,0.058,0.06,-6.34,513,511,True
22500176,2025-11-05,Rockets @ Grizzlies,0.623,Mixed,high volatility,79.2,39.8,0.59,6.36,7.61,0.699,0.564,-7.15,0.01,512,490,True
22500177,2025-11-05,Pelicans @ Mavericks,0.765,Noisy,"high fatigue load, high volatility, asymmetry mismatch",52.4,93.0,0.724,3.68,15.46,0.684,1.0,-5.18,-3.55,528,484,True
22500178,2025-11-05,Heat @ Nuggets,0.554,Mixed,high volatility,46.1,52.4,0.385,12.1,9.95,0.997,0.16,-2.37,-3.54,557,560,True
22500179,2025-11-05,Spurs @ Lakers,0.612,Mixed,"high volatility, asymmetry mismatch",72.9,23.9,0.429,3.68,10.35,0.684,0.9,-5.57,-0.23,538,477,True
22500180,2025-11-05,Thunder @ Trail Blazers,0.67,Noisy,"high fatigue load, high volatility",52.4,70.2,0.626,9.68,9.88,0.978,0.231,-7.48,0.12,484,519,True
22500181,2025-11-05,Warriors @ Kings,0.667,Mixed,"high fatigue load, high volatility, asymmetry mismatch",52.4,70.2,0.626,4.8,13.33,0.74,0.633,-5.38,-1.98,484,518,True
22500182,2025-11-06,Clippers @ Suns,0.503,Mixed,high volatility,52.4,46.1,0.385,9.23,8.07,0.865,0.134,-4.78,-1.13,526,521,True
22500028,2025-11-07,Celtics @ Magic,0.687,Noisy,high volatility,29.1,79.2,0.492,15.91,13.05,1.0,0.58,3.52,-10.02,492,574,True
22500029,2025-11-07,Cavaliers @ Wizards,0.574,Mixed,high volatility,52.4,52.4,0.448,8.01,16.04,0.9,0.285,-13.71,7.42,480,492,True
22500030,2025-11-07,Raptors @ Hawks,0.485,Mixed,high volatility,43.7,43.7,0.274,13.09,15.22,1.0,0.06,-0.52,-4.72,500,494,True
22500031,2025-11-07,Pistons @ Nets,0.555,Mixed,high volatility,52.4,52.4,0.448,15.47,5.02,0.751,0.455,-2.28,-4.01,497,471,True
22500032,2025-11-07,Rockets @ Spurs,0.469,Mixed,high volatility,28.6,46.1,0.161,10.26,10.6,1.0,0.232,3.55,-8.03,478,491,True
22500033,2025-11-07,Hornets @ Heat,0.552,Mixed,high volatility,52.4,43.7,0.361,7.23,16.3,0.862,0.442,6.66,-12.42,561,464,True
22500034,2025-11-07,Mavericks @ Grizzlies,0.724,Noisy,"high fatigue load, high volatility",79.2,52.4,0.716,10.77,7.22,0.861,0.5,-8.89,0.99,513,529,True
22500035,2025-11-07,Bulls @ Bucks,0.468,Mixed,high volatility,43.7,38.4,0.221,12.59,8.36,0.918,0.236,1.14,-6.07,536,475,True
22500036,2025-11-07,Jazz @ Timberwolves,0.702,Noisy,"high fatigue load, high volatility",52.4,72.9,0.653,15.44,16.94,1.0,0.293,11.39,-18.91,512,498,True
22500037,2025-11-07,Warriors @ Nuggets,0.553,Mixed,high volatility,46.1,52.4,0.385,12.86,9.22,0.961,0.217,-0.93,-4.98,558,519,True
22500038,2025-11-07,Thunder @ Kings,0.561,Mixed,high volatility,52.4,52.4,0.448,12.75,11.4,1.0,0.045,-7.24,0.96,485,520,True
22500183,2025-11-08,Mavericks @ Wizards,0.791,Noisy,"high fatigue load, high volatility",93.0,93.0,1.0,11.94,6.89,0.845,0.227,-16.61,5.45,481,530,True
22500184,2025-11-08,Raptors @ 76ers,0.666,Mixed,high volatility,43.7,70.2,0.539,11.97,10.98,1.0,0.368,-0.66,-6.18,517,495,True
22500185,2025-11-08,Lakers @ Hawks,0.679,Noisy,high volatility,70.2,43.7,0.539,13.97,10.87,1.0,0.435,-1.68,-5.16,501,539,True
22500186,2025-11-08,Bulls @ Cavaliers,0.703,Noisy,"high fatigue load, high volatility",70.2,70.2,0.804,11.9,6.97,0.849,0.22,-5.71,-2.71,493,476,True
22500187,2025-11-08,Trail Blazers @ Heat,0.594,Mixed,"high volatility, asymmetry mismatch",93.0,23.9,0.5,8.02,6.04,0.703,0.615,-3.98,-3.03,562,485,True
22500188,2025-11-08,Pelicans @ Spurs,0.58,Mixed,high volatility,63.2,38.4,0.416,6.66,10.71,0.833,0.505,1.51,-7.6,479,485,True
22500189,2025-11-08,Pacers @ Nuggets,0.639,Mixed,high volatility,70.2,43.7,0.539,9.21,9.48,0.935,0.345,0.55,-7.39,559,520,True
22500190,2025-11-08,Suns @ Clippers,0.454,Mixed,high volatility,46.1,52.4,0.385,5.02,8.03,0.652,0.264,2.37,-8.28,522,527,True
22500191,2025-11-09,Rockets @ Bucks,0.553,Mixed,high volatility,52.4,46.1,0.385,12.19,9.73,0.987,0.172,0.19,-6.1,537,492,True
22500192,2025-11-09,Nets @ Knicks,0.658,Mixed,high volatility,30.7,72.9,0.436,13.8,15.88,1.0,0.557,1.76,-7.97,514,498,True
22500193,2025-11-09,Celtics @ Magic,0.556,Mixed,high volatility,28.6,58.7,0.287,14.86,14.58,1.0,0.385,3.48,-8.72,493,575,True
22500194,2025-11-09,Thunder @ Grizzlies,0.738,Noisy,"high fatigue load, high volatility",72.9,72.9,0.858,11.36,11.06,1.0,0.012,-7.34,-1.41,514,521,True
22500195,2025-11-09,Pistons @ 76ers,0.764,Noisy,"high fatigue load, high volatility, asymmetry mismatch",93.0,52.4,0.724,12.59,5.26,0.763,0.853,-5.51,-3.21,518,472,True
22500196,2025-11-09,Pacers @ Warriors,0.712,Noisy,"high fatigue load, high volatility",52.4,70.2,0.626,15.98,10.33,1.0,0.401,2.49,-9.85,520,521,True
22500197,2025-11-09,Timberwolves @ Kings,0.556,Mixed,high volatility,52.4,52.4,0.448,15.59,16.5,1.0,0.023,-4.84,-1.44,486,513,True
22500198,2025-11-10,Lakers @ Hornets,0.551,Mixed,high volatility,23.9,52.4,0.224,15.6,10.89,1.0,0.503,-7.4,2.82,465,540,True
22500199,2025-11-10,Wizards @ Pistons,0.802,Noisy,"high fatigue load, high volatility",93.0,72.9,0.929,6.27,11.41,0.814,0.498,-1.75,-8.21,473,482,True
22500200,2025-11-10,Trail Blazers @ Magic,0.662,Mixed,"high volatility, asymmetry mismatch",70.2,46.1,0.563,14.12,5.6,0.78,0.678,-2.68,-4.3,494,486,True
22500201,2025-11-10,Cavaliers @ Heat,0.629,Mixed,"high fatigue load, high volatility",72.9,52.4,0.653,6.12,8.55,0.734,0.393,-2.31,-5.21,563,494,True
22500202,2025-11-10,Spurs @ Bulls,0.417,Mixed,stable conditions,52.4,46.1,0.385,3.74,6.77,0.525,0.299,-5.04,-0.87,477,480,True
22500203,2025-11-10,Bucks @ Mavericks,0.815,Noisy,"high fatigue load, high volatility",72.9,93.0,0.929,6.82,12.79,0.841,0.511,-3.27,-6.68,531,538,True
22500204,2025-11-10,Pelicans @ Suns,0.557,Mixed,high volatility,52.4,52.4,0.448,9.82,10.97,0.991,0.045,-3.68,-2.61,528,486,True
22500205,2025-11-10,Timberwolves @ Jazz,0.74,Noisy,"high fatigue load, high volatility",43.7,93.0,0.637,17.93,17.23,1.0,0.515,-14.29,6.09,499,514,True
22500206,2025-11-10,Hawks @ Clippers,0.638,Mixed,high volatility,66.6,52.4,0.59,5.08,12.47,0.754,0.541,3.0,-10.14,523,502,True
22500207,2025-11-11,Raptors @ Nets,0.494,Mixed,high volatility,46.1,38.4,0.245,12.99,10.83,1.0,0.171,-0.57,-4.5,499,496,True
22500208,2025-11-11,Grizzlies @ Knicks,0.517,Mixed,high volatility,28.6,52.4,0.224,10.4,11.31,1.0,0.333,5.48,-10.34,515,515,True
22500209,2025-11-11,Celtics @ 76ers,0.674,Noisy,"high fatigue load, high volatility, asymmetry mismatch",72.9,52.4,0.653,3.85,11.6,0.693,0.688,-8.14,0.62,519,576,True
22500210,2025-11-11,Warriors @ Thunder,0.774,Noisy,"high fatigue load, high volatility",72.9,72.9,0.858,10.39,16.68,1.0,0.192,5.39,-14.14,522,521,True
22500211,2025-11-11,Pacers @ Jazz,0.721,Noisy,"high fatigue load, high volatility",70.2,52.4,0.626,20.92,11.93,1.0,0.444,-15.88,8.52,500,522,True
22500212,2025-11-11,Nuggets @ Kings,0.532,Mixed,high volatility,52.4,38.4,0.308,13.6,8.01,0.9,0.393,-6.08,0.63,487,560,True
22500213,2025-11-12,Bucks @ Hornets,0.516,Mixed,high volatility,28.6,52.4,0.224,14.68,13.62,1.0,0.327,-8.38,3.52,466,539,True
22500214,2025-11-12,Bulls @ Pistons,0.559,Mixed,high fatigue load,72.9,52.4,0.653,6.3,3.51,0.49,0.468,-1.34,-6.18,474,478,True
22500215,2025-11-12,Magic @ Knicks,0.65,Mixed,high volatility,63.2,52.4,0.556,15.91,11.99,1.0,0.25,-4.33,-2.61,516,495,True
22500216,2025-11-12,Grizzlies @ Celtics,0.803,Noisy,"high fatigue load, high volatility",100.0,100.0,1.0,14.27,14.83,1.0,0.015,1.17,-13.17,577,516,True
22500217,2025-11-12,Cavaliers @ Heat,0.695,Noisy,"high fatigue load, high volatility",72.9,72.9,0.858,8.69,8.86,0.877,0.008,-3.11,-5.64,564,495,True
22500218,2025-11-12,Wizards @ Rockets,0.653,Mixed,"high volatility, asymmetry mismatch",38.4,72.9,0.513,6.73,11.34,0.837,0.648,13.23,-19.91,493,483,True
22500219,2025-11-12,Trail Blazers @ Pelicans,0.485,Mixed,high volatility,52.4,46.1,0.385,8.78,7.19,0.798,0.16,-1.84,-4.07,487,487,True
22500220,2025-11-12,Warriors @ Spurs,0.821,Noisy,"high fatigue load, high volatility, asymmetry mismatch",66.6,93.0,0.866,5.36,17.68,0.768,0.813,1.9,-11.48,481,522,True
22500221,2025-11-12,Suns @ Mavericks,0.668,Mixed,"high fatigue load, high volatility",72.9,52.4,0.653,7.0,9.83,0.841,0.396,-0.07,-7.44,532,529,True
22500222,2025-11-12,Lakers @ Thunder,0.789,Noisy,"high fatigue load, high volatility",93.0,52.4,0.724,11.0,12.88,1.0,0.565,3.92,-12.64,523,541,True
22500223,2025-11-12,Hawks @ Kings,0.783,Noisy,"high fatigue load, high volatility",93.0,52.4,0.724,13.34,14.7,1.0,0.538,-9.11,0.39,488,503,True
22500224,2025-11-12,Nuggets @ Clippers,0.598,Mixed,"high fatigue load, asymmetry mismatch",46.1,93.0,0.661,3.57,5.85,0.471,0.677,3.07,-11.41,524,561,True
22500225,2025-11-13,Raptors @ Cavaliers,0.757,Noisy,"high fatigue load, high volatility",93.0,46.1,0.661,12.14,10.73,1.0,0.55,-5.05,-3.3,496,497,True
22500226,2025-11-13,Pacers @ Suns,0.776,Noisy,"high fatigue load, high volatility, asymmetry mismatch",93.0,52.4,0.724,8.81,11.38,0.941,0.607,-5.21,-3.51,530,523,True
22500227,2025-11-13,Hawks @ Jazz,0.798,Noisy,"high fatigue load, high volatility, asymmetry mismatch",52.4,93.0,0.724,19.9,14.97,1.0,0.612,-13.74,5.02,501,504,True
22500039,2025-11-14,Heat @ Knicks,0.715,Noisy,"high fatigue load, high volatility",52.4,72.9,0.653,15.96,7.79,0.889,0.551,1.62,-9.14,517,565,True
22500040,2025-11-14,Nets @ Magic,0.637,Mixed,high volatility,66.6,38.4,0.45,8.69,13.62,0.934,0.539,1.4,-7.7,496,500,True
22500041,2025-11-14,76ers @ Pistons,0.545,Mixed,stable conditions,72.9,43.7,0.566,6.31,5.32,0.582,0.432,-1.34,-5.66,475,520,True
22500042,2025-11-14,Trail Blazers @ Rockets,0.499,Mixed,high volatility,46.1,46.1,0.322,9.26,11.4,0.963,0.087,-1.77,-3.77,494,488,True
22500043,2025-11-14,Hornets @ Bucks,0.684,Noisy,high volatility,72.9,46.1,0.59,11.0,9.3,0.965,0.405,4.86,-12.0,540,467,True
22500044,2025-11-14,Kings @ Timberwolves,0.685,Noisy,"high volatility, asymmetry mismatch",30.7,72.9,0.436,17.23,9.37,0.968,0.748,6.39,-12.61,515,489,True
22500045,2025-11-14,Lakers @ Pelicans,0.578,Mixed,high volatility,52.4,52.4,0.448,9.59,14.47,0.98,0.168,1.06,-7.34,488,542,True
22500046,2025-11-14,Clippers @ Mavericks,0.633,Mixed,"high fatigue load, high volatility",72.9,52.4,0.653,6.45,8.64,0.755,0.376,-5.91,-1.61,533,525,True
22500047,2025-11-14,Warriors @ Spurs,0.739,Noisy,"high fatigue load, high volatility",66.6,72.9,0.795,5.42,17.68,0.771,0.557,1.24,-9.61,482,523,True
22500228,2025-11-15,Grizzlies @ Cavaliers,0.703,Noisy,high volatility,72.9,43.7,0.566,9.21,14.8,0.961,0.562,3.69,-10.69,497,517,True
22500229,2025-11-15,Thunder @ Hornets,0.612,Mixed,high volatility,70.2,43.7,0.539,9.05,7.24,0.815,0.423,-10.45,3.61,468,524,True
22500230,2025-11-15,Raptors @ Pacers,0.65,Mixed,high volatility,72.9,46.1,0.59,9.21,8.6,0.891,0.363,-4.37,-2.77,524,498,True
22500231,2025-11-15,Lakers @ Bucks,0.856,Noisy,"high fatigue load, high volatility",100.0,93.0,1.0,12.12,19.58,1.0,0.277,-2.27,-9.31,541,543,True
22500232,2025-11-15,Nuggets @ Timberwolves,0.655,Mixed,"high volatility, asymmetry mismatch",70.2,38.4,0.486,16.18,4.92,0.746,0.878,2.15,-8.67,516,562,True
22500233,2025-11-16,Clippers @ Celtics,0.525,Mixed,high volatility,30.7,52.4,0.231,13.89,8.77,0.939,0.461,-3.28,-1.71,578,526,True
22500234,2025-11-16,Kings @ Spurs,0.653,Mixed,"high fatigue load, high volatility",52.4,72.9,0.653,6.34,9.41,0.788,0.418,1.79,-9.31,483,490,True
22500235,2025-11-16,Nets @ Wizards,0.555,Mixed,high volatility,19.1,52.4,0.224,11.12,14.4,1.0,0.523,-12.95,8.66,484,501,True
22500236,2025-11-16,Magic @ Rockets,0.611,Mixed,high volatility,46.1,66.6,0.527,9.29,8.95,0.912,0.273,-3.4,-3.36,495,497,True
22500237,2025-11-16,Warriors @ Pelicans,0.703,Noisy,"high fatigue load, high volatility",52.4,72.9,0.653,7.84,13.62,0.892,0.486,-0.11,-7.41,489,524,True
22500238,2025-11-16,Trail Blazers @ Mavericks,0.511,Mixed,high volatility,52.4,46.1,0.385,4.91,10.43,0.746,0.382,-1.24,-4.67,534,489,True
22500239,2025-11-16,Hawks @ Suns,0.491,Mixed,high volatility,43.7,43.7,0.274,13.02,10.59,1.0,0.087,-2.42,-2.82,531,505,True
22500240,2025-11-16,Bulls @ Jazz,0.48,Mixed,"high volatility, asymmetry mismatch",43.7,19.1,0.137,19.67,4.66,0.733,0.807,-12.69,8.92,502,479,True
22500241,2025-11-17,Bucks @ Cavaliers,0.795,Noisy,"high fatigue load, high volatility",72.9,79.2,0.921,9.86,12.11,0.993,0.165,-4.01,-5.12,498,542,True
22500242,2025-11-17,Pacers @ Pistons,0.492,Mixed,high volatility,43.7,52.4,0.361,3.73,9.68,0.67,0.475,1.34,-7.11,476,525,True
22500243,2025-11-17,Clippers @ 76ers,0.594,Mixed,"high volatility, asymmetry mismatch",23.9,100.0,0.5,5.27,8.14,0.67,0.673,-5.37,-2.07,521,527,True
22500244,2025-11-17,Knicks @ Heat,0.474,Mixed,high volatility,43.7,38.4,0.221,6.86,15.43,0.843,0.4,-3.76,-1.17,566,518,True
22500245,2025-11-17,Hornets @ Raptors,0.635,Mixed,high volatility,46.1,66.6,0.527,10.72,8.94,0.947,0.331,6.73,-13.5,499,469,True
22500246,2025-11-17,Mavericks @ Timberwolves,0.783,Noisy,"high fatigue load, high volatility, asymmetry mismatch",52.4,100.0,0.724,14.74,6.78,0.839,0.82,2.76,-11.9,517,535,True
22500247,2025-11-17,Thunder @ Pelicans,0.632,Mixed,high fatigue load,93.0,52.4,0.724,6.0,5.16,0.558,0.557,-11.11,2.39,490,525,True
22500248,2025-11-17,Bulls @ Nuggets,0.612,Mixed,high volatility,52.4,63.2,0.556,10.29,7.87,0.893,0.247,1.99,-8.93,563,480,True
22500249,2025-11-18,Warriors @ Magic,0.731,Noisy,"high fatigue load, high volatility",52.4,79.2,0.716,6.65,12.16,0.833,0.585,1.66,-9.55,498,525,True
22500250,2025-11-18,Celtics @ Nets,0.504,Mixed,high volatility,46.1,46.1,0.322,13.84,12.46,1.0,0.043,-10.3,4.77,502,579,True
22500251,2025-11-18,Pistons @ Hawks,0.66,Mixed,"high fatigue load, high volatility, asymmetry mismatch",52.4,70.2,0.626,12.37,3.44,0.672,0.718,-4.14,-3.21,506,477,True
22500252,2025-11-18,Grizzlies @ Spurs,0.473,Mixed,high volatility,52.4,38.4,0.308,6.28,9.11,0.769,0.327,5.26,-10.7,484,518,True
22500253,2025-11-18,Jazz @ Lakers,0.495,Mixed,high volatility,38.4,46.1,0.245,16.89,13.86,1.0,0.175,11.2,-16.27,544,503,True
22500254,2025-11-18,Suns @ Trail Blazers,0.547,Mixed,high volatility,46.1,52.4,0.385,11.81,13.01,1.0,0.117,-1.33,-4.58,490,532,True
22500255,2025-11-19,Rockets @ Cavaliers,0.688,Noisy,"high volatility, asymmetry mismatch",79.2,38.4,0.576,10.39,6.7,0.835,0.682,-8.52,1.46,499,496,True
22500256,2025-11-19,Hornets @ Pacers,0.662,Mixed,high volatility,52.4,66.6,0.59,13.78,8.19,0.909,0.393,5.86,-13.0,526,470,True
22500257,2025-11-19,Warriors @ Heat,0.779,Noisy,"high fatigue load, high volatility, asymmetry mismatch",52.4,100.0,0.724,8.95,11.54,0.948,0.607,-2.98,-6.17,567,526,True
22500258,2025-11-19,Raptors @ 76ers,0.405,Mixed,high volatility,28.6,46.1,0.161,6.06,8.75,0.74,0.369,-3.25,-1.23,522,500,True
22500259,2025-11-19,Wizards @ Timberwolves,0.514,Mixed,high volatility,52.4,23.9,0.224,11.39,7.59,0.879,0.525,13.42,-18.0,518,485,True
22500260,2025-11-19,Nuggets @ Pelicans,0.671,Noisy,"high fatigue load, high volatility",72.9,52.4,0.653,6.16,10.36,0.808,0.47,-5.51,-2.01,491,564,True
22500261,2025-11-19,Kings @ Thunder,0.476,Mixed,high volatility,52.4,43.7,0.361,6.83,8.7,0.776,0.207,8.36,-14.12,526,491,True
22500262,2025-11-19,Knicks @ Mavericks,0.632,Mixed,"high fatigue load, high volatility",79.2,46.1,0.653,7.13,7.34,0.724,0.425,-5.72,-1.8,536,519,True
22500263,2025-11-19,Bulls @ Trail Blazers,0.748,Noisy,"high fatigue load, high volatility, asymmetry mismatch",93.0,46.1,0.661,12.16,8.07,0.903,0.67,-5.25,-3.1,491,481,True
22500264,2025-11-20,Clippers @ Magic,0.539,Mixed,high volatility,52.4,43.7,0.361,9.87,10.69,0.993,0.142,1.92,-7.69,499,528,True
22500265,2025-11-20,Kings @ Grizzlies,0.657,Mixed,"high volatility, asymmetry mismatch",28.6,70.2,0.402,23.13,16.31,1.0,0.63,-6.65,0.72,519,492,True
22500266,2025-11-20,76ers @ Bucks,0.604,Mixed,high volatility,43.7,63.2,0.469,10.06,9.25,0.963,0.279,4.18,-10.59,543,523,True
22500267,2025-11-20,Hawks @ Spurs,0.547,Mixed,high volatility,52.4,52.4,0.448,6.47,12.93,0.824,0.285,2.29,-8.58,485,507,True
22500048,2025-11-21,Pacers @ Cavaliers,0.598,Mixed,high volatility,58.7,52.4,0.511,7.92,12.63,0.896,0.272,6.44,-13.11,500,527,True
22500049,2025-11-21,Nets @ Celtics,0.456,Mixed,high volatility,23.9,38.4,0.084,17.38,11.68,1.0,0.341,10.37,-14.1,580,503,True
22500050,2025-11-21,Wizards @ Raptors,0.465,Mixed,high volatility,52.4,28.6,0.224,8.95,7.88,0.841,0.349,13.29,-18.15,501,486,True
22500051,2025-11-21,Heat @ Bulls,0.558,Mixed,high volatility,52.4,52.4,0.448,16.65,18.21,1.0,0.033,0.62,-6.91,482,568,True
22500052,2025-11-21,Pelicans @ Mavericks,0.693,Noisy,"high fatigue load, high volatility",79.2,72.9,0.921,7.64,6.94,0.729,0.117,-7.29,-1.84,537,492,True
22500053,2025-11-21,Timberwolves @ Suns,0.663,Mixed,high volatility,23.9,72.9,0.429,14.48,11.35,1.0,0.598,-1.3,-4.51,533,519,True
22500054,2025-11-21,Nuggets @ Rockets,0.543,Mixed,high volatility,46.1,52.4,0.385,10.87,10.39,1.0,0.097,5.53,-11.44,497,565,True
22500055,2025-11-21,Thunder @ Jazz,0.56,Mixed,"high volatility, asymmetry mismatch",23.9,52.4,0.224,19.72,8.0,0.9,0.723,-11.4,6.82,504,527,True
22500056,2025-11-21,Trail Blazers @ Warriors,0.784,Noisy,"high fatigue load, high volatility",79.2,72.9,0.921,11.81,12.33,1.0,0.095,-0.42,-8.71,527,492,True
22500268,2025-11-22,Clippers @ Hornets,0.508,Mixed,high volatility,38.4,52.4,0.308,6.48,11.34,0.824,0.405,-7.37,1.92,471,529,True
22500269,2025-11-22,Knicks @ Magic,0.47,Mixed,high volatility,52.4,23.9,0.224,8.98,6.74,0.786,0.473,2.46,-7.03,500,520,True
22500270,2025-11-22,Hawks @ Pelicans,0.64,Mixed,high fatigue load,100.0,52.4,0.724,6.21,5.5,0.586,0.547,-13.83,4.69,493,508,True
22500271,2025-11-22,Wizards @ Bulls,0.827,Noisy,"high fatigue load, high volatility",93.0,63.2,0.832,16.62,11.69,1.0,0.514,11.22,-20.59,483,487,True
22500272,2025-11-22,Pistons @ Bucks,0.477,Mixed,asymmetry mismatch,52.4,19.1,0.224,9.76,1.25,0.55,0.916,-4.01,-0.28,544,478,True
22500273,2025-11-22,Grizzlies @ Mavericks,0.802,Noisy,"high fatigue load, high volatility, asymmetry mismatch",100.0,46.1,0.661,8.66,23.16,0.933,0.89,2.37,-11.13,538,520,True
22500274,2025-11-22,Kings @ Nuggets,0.82,Noisy,"high fatigue load, high volatility, asymmetry mismatch",93.0,52.4,0.724,11.27,19.69,1.0,0.722,4.75,-13.48,566,493,True
22500275,2025-11-23,Heat @ 76ers,0.51,Mixed,high volatility,38.4,46.1,0.245,9.84,14.68,0.992,0.261,-4.37,-0.7,524,569,True
22500276,2025-11-23,Hornets @ Hawks,0.712,Noisy,"high fatigue load, high volatility",93.0,70.2,0.902,5.66,7.37,0.651,0.388,3.62,-13.41,509,472,True
22500277,2025-11-23,Magic @ Celtics,0.785,Noisy,"high fatigue load, high volatility, asymmetry mismatch",46.1,100.0,0.661,17.0,10.65,1.0,0.69,-4.53,-4.23,581,501,True
22500278,2025-11-23,Clippers @ Cavaliers,0.76,Noisy,"high fatigue load, high volatility, asymmetry mismatch",52.4,93.0,0.724,7.09,10.89,0.855,0.677,-1.48,-7.25,501,530,True
22500279,2025-11-23,Nets @ Raptors,0.486,Mixed,high volatility,46.1,46.1,0.322,8.78,10.11,0.939,0.06,2.7,-8.23,502,504,True
22500280,2025-11-23,Trail Blazers @ Thunder,0.673,Noisy,"high fatigue load, high volatility",52.4,72.9,0.653,6.81,10.2,0.841,0.423,8.82,-16.34,528,493,True
22500281,2025-11-23,Spurs @ Suns,0.487,Mixed,high volatility,46.1,38.4,0.245,14.51,7.02,0.851,0.396,-4.77,-0.3,534,486,True
22500282,2025-11-23,Lakers @ Jazz,0.54,Mixed,high volatility,46.1,11.2,0.161,12.51,18.3,1.0,0.588,-13.07,9.63,505,545,True
22500283,2025-11-24,Pistons @ Pacers,0.347,Mixed,stable conditions,38.4,46.1,0.245,6.37,2.65,0.451,0.396,-3.8,-1.27,528,479,True
22500284,2025-11-24,Cavaliers @ Raptors,0.733,Noisy,"high fatigue load, high volatility",93.0,100.0,1.0,7.14,7.68,0.741,0.118,-0.38,-11.2,503,502,True
22500285,2025-11-24,Knicks @ Nets,0.604,Mixed,high volatility,63.2,46.1,0.493,11.73,6.88,0.844,0.435,-4.29,-2.27,505,521,True
22500286,2025-11-24,Mavericks @ Heat,0.84,Noisy,"high fatigue load, high volatility",93.0,79.2,0.992,13.4,8.15,0.907,0.379,-5.18,-5.15,570,539,True
22500287,2025-11-24,Nuggets @ Grizzlies,0.728,Noisy,"high volatility, asymmetry mismatch",46.1,72.9,0.59,18.71,9.48,0.974,0.61,-6.4,-0.74,521,567,True
22500288,2025-11-24,Trail Blazers @ Bucks,0.773,Noisy,"high fatigue load, high volatility, asymmetry mismatch",52.4,100.0,0.724,5.09,14.16,0.754,0.915,1.16,-10.3,545,494,True
22500289,2025-11-24,Bulls @ Pelicans,0.801,Noisy,"high fatigue load, high volatility",79.2,72.9,0.921,7.54,16.55,0.877,0.4,-2.45,-6.67,494,484,True
22500290,2025-11-24,Rockets @ Suns,0.639,Mixed,high volatility,70.2,18.6,0.402,13.84,12.65,1.0,0.538,-2.81,-2.52,535,498,True
22500291,2025-11-24,Jazz @ Warriors,0.665,Mixed,high volatility,43.7,70.2,0.539,11.54,12.51,1.0,0.365,10.78,-17.61,528,506,True
22500292,2025-11-24,Timberwolves @ Kings,0.569,Mixed,high volatility,52.4,38.4,0.308,21.15,11.86,1.0,0.402,-8.31,2.86,494,520,True
22500057,2025-11-25,Hawks @ Wizards,0.681,Noisy,"high volatility, asymmetry mismatch",33.2,72.9,0.461,17.37,12.87,1.0,0.616,-14.56,8.19,488,510,True
22500058,2025-11-25,Magic @ 76ers,0.69,Noisy,high volatility,46.1,72.9,0.59,18.62,16.85,1.0,0.373,-4.73,-2.41,525,502,True
22500059,2025-11-25,Clippers @ Lakers,0.544,Mixed,high volatility,22.3,52.4,0.224,14.35,11.45,1.0,0.468,-0.4,-4.08,546,531,True
22500060,2025-11-26,Pistons @ Celtics,0.357,Mixed,high volatility,18.6,28.6,0.0,11.19,6.33,0.817,0.358,-3.12,0.28,582,480,True
22500061,2025-11-26,Knicks @ Hornets,0.496,Mixed,high volatility,43.7,46.1,0.298,12.02,11.19,1.0,0.06,-7.79,2.4,473,522,True
22500062,2025-11-26,Bucks @ Heat,0.693,Noisy,"high fatigue load, high volatility",72.9,52.4,0.653,13.67,6.03,0.801,0.591,-1.27,-6.24,571,546,True
22500063,2025-11-26,Pacers @ Raptors,0.521,Mixed,stable conditions,72.9,46.1,0.59,5.43,4.99,0.521,0.367,1.83,-8.97,504,529,True
22500064,2025-11-26,Timberwolves @ Thunder,0.475,Mixed,high volatility,38.4,46.1,0.245,9.72,9.92,0.982,0.105,10.6,-15.67,529,521,True
22500065,2025-11-26,Grizzlies @ Pelicans,0.758,Noisy,"high fatigue load, high volatility, asymmetry mismatch",79.2,46.1,0.653,7.94,18.0,0.897,0.749,2.95,-10.47,495,522,True
22500066,2025-11-26,Rockets @ Warriors,0.512,Mixed,high volatility,52.4,46.1,0.385,4.91,10.61,0.746,0.389,-6.34,0.43,529,499,True
22500067,2025-11-26,Spurs @ Trail Blazers,0.667,Mixed,"high volatility, asymmetry mismatch",79.2,23.9,0.492,12.07,7.53,0.877,0.695,-6.79,0.6,495,487,True
22500068,2025-11-26,Suns @ Kings,0.727,Noisy,"high fatigue load, high volatility",72.9,52.4,0.653,21.14,13.92,1.0,0.418,-9.31,1.79,495,536,True
22500069,2025-11-28,Cavaliers @ Hawks,0.424,Mixed,high volatility,38.4,30.7,0.091,14.31,8.02,0.901,0.336,-4.67,0.52,511,503,True
22500070,2025-11-28,76ers @ Nets,0.406,Mixed,high volatility,30.7,23.9,0.007,13.14,20.87,1.0,0.265,5.32,-8.6,506,526,True
22500071,2025-11-28,Bulls @ Hornets,0.51,Mixed,high volatility,52.4,30.7,0.231,13.1,13.42,1.0,0.281,-9.38,4.39,474,485,True
22500072,2025-11-28,Magic @ Pistons,0.512,Mixed,high volatility,46.1,43.7,0.298,7.65,16.39,0.883,0.343,2.83,-8.22,481,503,True
22500073,2025-11-28,Wizards @ Pacers,0.497,Mixed,high volatility,46.1,33.2,0.193,7.25,18.43,0.863,0.541,13.33,-18.09,530,489,True
22500074,2025-11-28,Bucks @ Knicks,0.519,Mixed,high volatility,46.1,52.4,0.385,10.49,6.91,0.846,0.25,3.57,-9.48,523,547,True
22500075,2025-11-28,Suns @ Thunder,0.64,Mixed,high volatility,46.1,66.6,0.527,11.91,12.24,1.0,0.266,9.87,-16.63,530,537,True
22500076,2025-11-28,Spurs @ Nuggets,0.295,Clean,high volatility,30.7,28.6,0.007,8.49,7.02,0.775,0.105,-5.71,2.15,568,488,True
22500077,2025-11-28,Kings @ Jazz,0.553,Mixed,high volatility,26.5,52.4,0.224,13.37,21.59,1.0,0.509,-10.32,5.59,507,496,True
22500078,2025-11-28,Mavericks @ Lakers,0.416,Mixed,high volatility,18.6,34.9,0.049,13.81,6.91,0.846,0.489,-0.12,-3.09,547,540,True
22500079,2025-11-28,Grizzlies @ Clippers,0.521,Mixed,high volatility,43.7,46.1,0.298,11.22,16.45,1.0,0.185,6.08,-11.47,532,523,True
22500293,2025-11-29,Celtics @ Timberwolves,0.341,Mixed,high volatility,23.9,18.6,0.0,5.27,11.1,0.763,0.368,4.1,-6.65,522,583,True
22500294,2025-11-29,Raptors @ Hornets,0.763,Noisy,"high fatigue load, high volatility, asymmetry mismatch",93.0,43.7,0.637,14.92,9.26,0.963,0.697,-11.11,2.91,475,505,True
22500295,2025-11-29,Bulls @ Pacers,0.705,Noisy,"high fatigue load, high volatility",70.2,70.2,0.804,7.36,11.87,0.868,0.198,-9.78,1.35,531,486,True
22500296,2025-11-29,Pistons @ Heat,0.723,Noisy,"high volatility, asymmetry mismatch",38.4,86.0,0.584,15.05,7.0,0.85,0.815,-4.0,-3.46,572,482,True
22500297,2025-11-29,Nets @ Bucks,0.814,Noisy,"high fatigue load, high volatility",93.0,63.2,0.832,9.17,13.13,0.959,0.522,4.25,-13.63,548,507,True
22500298,2025-11-29,Pelicans @ Warriors,0.382,Mixed,high volatility,23.9,43.7,0.137,5.94,8.11,0.703,0.372,0.03,-4.09,530,496,True
22500299,2025-11-29,Nuggets @ Suns,0.831,Noisy,"high fatigue load, high volatility",93.0,70.2,0.902,14.57,11.73,1.0,0.373,-2.51,-7.28,538,569,True
22500300,2025-11-29,Mavericks @ Clippers,0.784,Noisy,"high fatigue load, high volatility",93.0,70.2,0.902,9.61,7.66,0.863,0.378,-5.25,-4.55,533,541,True
22500301,2025-11-30,Rockets @ Jazz,0.521,Mixed,high volatility,46.1,14.9,0.161,15.53,11.96,1.0,0.495,-10.83,7.17,508,500,True
22500302,2025-11-30,Celtics @ Cavaliers,0.611,Mixed,high volatility,46.1,63.2,0.493,8.34,11.28,0.917,0.339,2.13,-8.69,504,584,True
22500303,2025-11-30,Raptors @ Knicks,0.755,Noisy,"high fatigue load, high volatility",46.1,93.0,0.661,12.26,11.2,1.0,0.538,-5.5,-2.85,524,506,True
22500304,2025-11-30,Hawks @ 76ers,0.565,Mixed,high volatility,46.1,52.4,0.385,20.79,14.87,1.0,0.207,-4.77,-1.14,527,512,True
22500305,2025-11-30,Thunder @ Trail Blazers,0.473,Mixed,high volatility,34.9,46.1,0.21,12.09,12.17,1.0,0.143,-11.16,6.3,496,531,True
22500306,2025-11-30,Spurs @ Timberwolves,0.603,Mixed,high volatility,63.2,46.1,0.493,9.48,9.75,0.962,0.225,-7.76,1.2,523,489,True
22500307,2025-11-30,Grizzlies @ Kings,0.55,Mixed,high volatility,52.4,46.1,0.385,13.51,8.35,0.917,0.279,5.22,-11.13,497,524,True
22500308,2025-11-30,Pelicans @ Lakers,0.629,Mixed,high volatility,31.9,77.2,0.491,8.86,8.58,0.872,0.513,-1.61,-4.93,548,497,True
22500309,2025-12-01,Hawks @ Pistons,0.729,Noisy,"high fatigue load, high volatility",72.9,70.2,0.831,4.99,14.45,0.75,0.464,1.66,-10.25,483,513,True
22500310,2025-12-01,Cavaliers @ Pacers,0.719,Noisy,"high fatigue load, high volatility",72.9,70.2,0.831,9.15,9.83,0.949,0.064,-9.91,1.32,532,505,True
22500311,2025-12-01,Bucks @ Wizards,0.688,Noisy,"high volatility, asymmetry mismatch",18.6,72.9,0.429,18.78,9.37,0.968,0.78,-12.55,7.06,490,549,True
22500312,2025-12-01,Hornets @ Nets,0.552,Mixed,high volatility,46.1,52.4,0.385,8.1,14.18,0.905,0.31,5.77,-11.68,508,476,True
22500313,2025-12-01,Clippers @ Heat,0.429,Mixed,high volatility,52.4,52.4,0.448,6.66,5.54,0.61,0.072,-3.51,-2.78,573,534,True
22500314,2025-12-01,Bulls @ Magic,0.534,Mixed,"high volatility, asymmetry mismatch",23.9,52.4,0.224,16.81,5.64,0.782,0.8,4.77,-9.34,504,487,True
22500315,2025-12-01,Mavericks @ Nuggets,0.577,Mixed,high volatility,52.4,52.4,0.448,13.97,10.27,1.0,0.127,3.02,-9.31,570,542,True
22500316,2025-12-01,Rockets @ Jazz,0.641,Mixed,high volatility,63.2,56.2,0.594,13.79,14.96,1.0,0.119,-11.59,4.43,509,501,True
22500317,2025-12-01,Suns @ Lakers,0.724,Noisy,"high fatigue load, high volatility",56.2,72.9,0.691,12.54,16.4,1.0,0.317,-2.51,-5.24,549,539,True
22500318,2025-12-02,Wizards @ 76ers,0.623,Mixed,high volatility,46.1,63.2,0.493,18.76,16.7,1.0,0.257,12.47,-19.03,528,491,True
22500319,2025-12-02,Trail Blazers @ Raptors,0.524,Mixed,high volatility,52.4,34.9,0.273,10.36,11.37,1.0,0.257,2.49,-7.73,507,497,True
22500320,2025-12-02,Knicks @ Celtics,0.481,Mixed,high volatility,46.1,46.1,0.322,3.98,12.63,0.699,0.455,-5.7,0.17,585,525,True
22500321,2025-12-02,Timberwolves @ Pelicans,0.514,Mixed,high volatility,52.4,46.1,0.385,8.54,9.49,0.901,0.124,-5.74,-0.17,498,524,True
22500322,2025-12-02,Grizzlies @ Spurs,0.505,Mixed,high volatility,46.1,52.4,0.385,9.15,8.57,0.886,0.107,5.8,-11.71,490,525,True
22500323,2025-12-02,Thunder @ Warriors,0.401,Mixed,high volatility,23.9,46.1,0.161,4.39,8.35,0.637,0.527,-10.53,6.33,531,532,True
22500324,2025-12-03,Trail Blazers @ Cavaliers,0.678,Noisy,"high fatigue load, high volatility",52.4,70.2,0.626,9.38,10.87,0.969,0.284,1.06,-8.41,506,498,True
22500325,2025-12-03,Nuggets @ Pacers,0.714,Noisy,"high fatigue load, high volatility",72.9,52.4,0.653,9.89,12.62,0.995,0.358,-9.91,2.39,533,571,True
22500326,2025-12-03,Spurs @ Magic,0.707,Noisy,"high volatility, asymmetry mismatch",28.6,86.0,0.5,17.17,8.57,0.928,0.783,-5.28,-1.59,505,491,True
22500327,2025-12-03,Clippers @ Hawks,0.555,Mixed,high volatility,52.4,52.4,0.448,17.56,16.84,1.0,0.017,1.26,-7.54,514,535,True
22500328,2025-12-03,Hornets @ Knicks,0.827,Noisy,"high fatigue load, high volatility",93.0,72.9,0.929,12.61,14.05,1.0,0.295,2.92,-12.87,526,477,True
22500329,2025-12-03,Nets @ Bulls,0.545,Mixed,high volatility,52.4,46.1,0.385,7.25,13.91,0.863,0.349,7.06,-12.97,488,509,True
22500330,2025-12-03,Kings @ Rockets,0.511,Mixed,high volatility,46.1,43.7,0.298,13.66,10.52,1.0,0.137,7.97,-13.36,502,498,True
22500331,2025-12-03,Pistons @ Bucks,0.641,Mixed,"high fatigue load, high volatility",72.9,66.6,0.795,8.15,4.15,0.615,0.339,-6.81,-1.56,550,484,True
22500332,2025-12-03,Heat @ Mavericks,0.506,Mixed,high volatility,52.4,52.4,0.448,8.82,8.29,0.855,0.027,-0.04,-6.24,543,574,True
22500333,2025-12-04,Warriors @ 76ers,0.47,Mixed,"high volatility, asymmetry mismatch",46.1,22.3,0.161,18.97,3.63,0.681,0.797,-3.33,-0.77,529,532,True
22500334,2025-12-04,Celtics @ Wizards,0.544,Mixed,high volatility,46.1,46.1,0.322,22.64,12.04,1.0,0.247,-13.77,8.23,492,586,True
22500335,2025-12-04,Jazz @ Nets,0.715,Noisy,high volatility,93.0,38.4,0.584,15.67,16.02,1.0,0.51,5.82,-13.7,510,510,True
22500336,2025-12-04,Lakers @ Raptors,0.502,Mixed,high volatility,52.4,33.2,0.256,7.33,11.23,0.867,0.417,1.59,-6.73,508,550,True
22500337,2025-12-04,Timberwolves @ Pelicans,0.418,Mixed,stable conditions,52.4,46.1,0.385,2.58,6.73,0.466,0.407,-6.48,0.57,499,525,True
22500338,2025-12-05,Lakers @ Celtics,0.82,Noisy,"high fatigue load, high volatility",93.0,86.0,1.0,11.97,12.38,1.0,0.101,-3.18,-7.56,587,551,True
22500339,2025-12-05,Heat @ Magic,0.566,Mixed,high volatility,46.1,52.4,0.385,16.75,8.23,0.911,0.37,3.27,-9.18,506,575,True
22500340,2025-12-05,Nuggets @ Hawks,0.741,Noisy,"high fatigue load, high volatility",72.9,72.9,0.858,13.48,12.69,1.0,0.025,-7.84,-0.91,515,572,True
22500341,2025-12-05,Spurs @ Cavaliers,0.729,Noisy,"high fatigue load, high volatility",72.9,66.6,0.795,13.35,7.65,0.883,0.31,-8.37,0.0,507,492,True
22500342,2025-12-05,Trail Blazers @ Pistons,0.625,Mixed,"high fatigue load, high volatility",72.9,52.4,0.653,4.47,8.6,0.653,0.511,1.73,-9.24,485,499,True
22500343,2025-12-05,Jazz @ Knicks,0.849,Noisy,"high fatigue load, high volatility",72.9,93.0,0.929,13.27,19.69,1.0,0.406,5.33,-15.28,527,511,True
22500344,2025-12-05,Hornets @ Raptors,0.867,Noisy,"high fatigue load, high volatility",100.0,72.9,0.929,9.98,14.65,0.999,0.497,2.2,-12.57,509,478,True
22500345,2025-12-05,Pacers @ Bulls,0.756,Noisy,"high fatigue load, high volatility",72.9,72.9,0.858,9.18,13.94,0.959,0.172,5.96,-14.71,489,534,True
22500346,2025-12-05,Suns @ Rockets,0.488,Mixed,high volatility,46.1,34.9,0.21,13.17,15.86,1.0,0.215,-2.93,-1.93,503,540,True
22500347,2025-12-05,Clippers @ Grizzlies,0.675,Noisy,"high volatility, asymmetry mismatch",38.4,72.9,0.513,4.92,16.24,0.746,0.913,-5.4,-1.27,526,536,True
22500348,2025-12-05,76ers @ Bucks,0.805,Noisy,"high fatigue load, high volatility",72.9,86.0,0.929,10.93,10.33,1.0,0.187,-0.27,-9.26,551,530,True
22500349,2025-12-05,Mavericks @ Thunder,0.625,Mixed,"high volatility, asymmetry mismatch",38.4,72.9,0.513,5.71,9.54,0.762,0.638,10.83,-17.51,533,544,True
22500350,2025-12-06,Pelicans @ Nets,0.754,Noisy,"high fatigue load, high volatility",72.9,72.9,0.858,17.1,6.45,0.823,0.398,-9.81,1.06,511,500,True
22500351,2025-12-06,Hawks @ Wizards,0.763,Noisy,"high fatigue load, high volatility",46.1,100.0,0.661,15.86,13.09,1.0,0.577,-15.43,6.67,493,516,True
22500352,2025-12-06,Warriors @ Cavaliers,0.706,Noisy,"high volatility, asymmetry mismatch",93.0,39.8,0.598,12.66,4.38,0.719,0.925,-3.48,-4.49,508,533,True
22500353,2025-12-06,Bucks @ Pistons,0.776,Noisy,"high fatigue load, high volatility",100.0,100.0,1.0,5.05,10.93,0.752,0.312,0.37,-12.37,486,552,True
22500354,2025-12-06,Kings @ Heat,0.688,Noisy,high volatility,93.0,23.9,0.5,14.14,16.61,1.0,0.563,6.35,-13.37,576,499,True
22500355,2025-12-06,Clippers @ Timberwolves,0.839,Noisy,"high fatigue load, high volatility, asymmetry mismatch",66.6,100.0,0.866,7.48,15.55,0.874,0.719,2.24,-12.23,526,537,True
22500356,2025-12-06,Rockets @ Mavericks,0.859,Noisy,"high fatigue load, high volatility",93.0,86.0,1.0,10.1,16.83,1.0,0.294,-13.18,2.44,545,504,True
22500357,2025-12-07,Magic @ Knicks,0.673,Noisy,"high volatility, asymmetry mismatch",72.9,46.1,0.59,12.69,5.72,0.786,0.66,-6.74,-0.4,528,507,True
22500358,2025-12-07,Celtics @ Raptors,0.778,Noisy,"high fatigue load, high volatility",79.2,72.9,0.921,10.09,9.62,0.981,0.099,0.01,-9.14,510,588,True
22500359,2025-12-07,Nuggets @ Hornets,0.558,Mixed,high volatility,52.4,46.1,0.385,16.02,12.63,1.0,0.175,-5.51,-0.4,479,573,True
22500360,2025-12-07,Trail Blazers @ Grizzlies,0.686,Noisy,high volatility,46.1,72.9,0.59,7.5,13.18,0.875,0.57,-4.93,-2.21,527,500,True
22500361,2025-12-07,Warriors @ Bulls,0.624,Mixed,high volatility,46.1,63.2,0.493,12.6,14.1,1.0,0.26,-1.07,-5.49,490,534,True
22500362,2025-12-07,Lakers @ 76ers,0.749,Noisy,"high fatigue load, high volatility",72.9,72.9,0.858,9.59,12.22,0.98,0.102,-3.81,-4.94,531,552,True
22500363,2025-12-07,Thunder @ Jazz,0.733,Noisy,high volatility,72.9,46.1,0.59,20.56,10.93,1.0,0.587,-10.27,3.13,512,534,True
22500364,2025-12-08,Kings @ Pacers,0.468,Mixed,high volatility,43.7,28.6,0.137,13.23,16.71,1.0,0.282,8.51,-12.85,535,500,True
22500365,2025-12-08,Suns @ Timberwolves,0.536,Mixed,"high volatility, asymmetry mismatch",52.4,23.9,0.224,7.28,15.44,0.864,0.666,-3.94,-0.63,527,541,True
22500366,2025-12-08,Spurs @ Pelicans,0.445,Mixed,high volatility,52.4,38.4,0.308,7.76,7.75,0.776,0.175,-6.88,1.43,501,493,True
22501201,2025-12-09,Heat @ Magic,0.474,Mixed,high volatility,46.1,38.4,0.245,3.98,14.15,0.699,0.596,3.33,-8.4,508,577,True
22501202,2025-12-09,Knicks @ Raptors,0.75,Noisy,"high fatigue load, high volatility",72.9,72.9,0.858,9.72,12.23,0.986,0.095,0.26,-9.01,511,529,True
22501203,2025-12-10,Suns @ Thunder,0.391,Mixed,high volatility,23.9,28.6,0.0,12.97,18.85,1.0,0.205,13.57,-16.72,535,542,True
22501204,2025-12-10,Spurs @ Lakers,0.513,Mixed,high volatility,38.4,52.4,0.308,10.59,8.16,0.908,0.283,-6.04,0.59,553,494,True
22501205,2025-12-11,Clippers @ Rockets,0.358,Mixed,high volatility,11.2,14.3,0.0,15.37,15.5,1.0,0.042,3.89,-5.42,505,538,True
22501206,2025-12-11,Celtics @ Bucks,0.422,Mixed,high volatility,14.3,30.7,0.007,11.67,16.47,1.0,0.345,-0.69,-2.01,553,589,True
22501207,2025-12-11,Trail Blazers @ Pelicans,0.461,Mixed,high volatility,38.4,14.9,0.084,12.72,15.26,1.0,0.367,2.43,-5.63,502,501,True
22501208,2025-12-11,Nuggets @ Kings,0.381,Mixed,high volatility,18.6,19.1,0.0,18.14,12.46,1.0,0.156,-8.58,6.32,501,574,True
22501209,2025-12-12,Bulls @ Hornets,0.362,Mixed,high volatility,14.3,14.3,0.0,15.82,13.69,1.0,0.058,-2.32,0.61,480,491,True
22501210,2025-12-12,Hawks @ Pistons,0.37,Mixed,high volatility,14.3,14.3,0.0,8.65,14.77,0.932,0.22,5.94,-7.66,487,517,True
22501211,2025-12-12,Pacers @ 76ers,0.376,Mixed,high volatility,14.3,19.1,0.0,8.32,14.02,0.916,0.277,-0.02,-1.98,532,536,True
22501212,2025-12-12,Cavaliers @ Wizards,0.374,Mixed,high volatility,11.2,14.3,0.0,16.12,13.2,1.0,0.119,-13.44,11.91,494,509,True
22501213,2025-12-12,Jazz @ Grizzlies,0.405,Mixed,high volatility,11.2,14.3,0.0,10.58,19.1,1.0,0.275,-1.87,0.34,528,513,True
22501214,2025-12-12,Nets @ Mavericks,0.382,Mixed,high volatility,14.3,14.3,0.0,11.25,16.58,1.0,0.158,8.14,-9.86,546,512,True
22501215,2025-12-12,Timberwolves @ Warriors,0.35,Mixed,high volatility,11.2,19.1,0.0,15.17,3.14,0.657,0.599,-3.97,2.15,535,528,True
22501229,2025-12-13,Knicks @ Magic,0.288,Clean,high volatility,14.9,19.1,0.0,8.25,6.56,0.74,0.146,5.81,-7.85,509,530,True
22501230,2025-12-13,Spurs @ Thunder,0.404,Mixed,high volatility,18.6,23.9,0.0,18.13,10.94,1.0,0.27,14.82,-17.37,536,495,True
22501216,2025-12-14,Wizards @ Pacers,0.354,Mixed,high volatility,22.3,22.3,0.0,20.28,21.56,1.0,0.022,14.43,-17.1,537,495,True
22501217,2025-12-14,76ers @ Hawks,0.365,Mixed,high volatility,28.6,28.6,0.0,13.66,8.75,0.938,0.183,1.75,-5.18,518,533,True
22501218,2025-12-14,Hornets @ Cavaliers,0.383,Mixed,high volatility,28.6,22.3,0.0,12.61,15.63,1.0,0.165,3.62,-6.67,510,481,True
22501219,2025-12-14,Bucks @ Nets,0.361,Mixed,high volatility,22.3,18.6,0.0,23.69,23.05,1.0,0.056,-5.8,3.35,513,554,True
22501220,2025-12-14,Kings @ Timberwolves,0.35,Mixed,"high volatility, asymmetry mismatch",28.6,18.6,0.0,2.85,17.47,0.643,0.625,11.15,-13.98,529,502,True
22501221,2025-12-14,Warriors @ Trail Blazers,0.355,Mixed,high volatility,23.9,22.3,0.0,15.52,15.62,1.0,0.023,-2.37,-0.4,502,536,True
22501223,2025-12-14,Pelicans @ Bulls,0.364,Mixed,high volatility,22.3,23.9,0.0,11.61,13.11,1.0,0.07,-3.87,1.1,492,503,True
22501228,2025-12-14,Lakers @ Suns,0.418,Mixed,high volatility,9.6,19.1,0.0,18.47,9.36,0.968,0.394,2.49,-4.21,543,554,True
22501222,2025-12-15,Pistons @ Celtics,0.39,Mixed,high volatility,14.9,18.6,0.0,18.01,7.98,0.899,0.378,-4.49,2.48,590,488,True
22501224,2025-12-15,Mavericks @ Jazz,0.376,Mixed,high volatility,18.6,18.6,0.0,18.29,13.21,1.0,0.13,-7.68,5.45,514,547,True
22501225,2025-12-15,Rockets @ Nuggets,0.361,Mixed,high volatility,14.9,14.9,0.0,7.36,14.81,0.868,0.288,-7.99,6.21,575,506,True
22501226,2025-12-15,Grizzlies @ Clippers,0.393,Mixed,high volatility,14.9,12.0,0.0,17.64,11.32,1.0,0.215,4.37,-5.99,539,529,True
22501227,2025-12-15,Raptors @ Heat,0.368,Mixed,high volatility,11.2,11.2,0.0,10.14,12.63,1.0,0.092,-0.51,-0.84,578,512,True
62500001,2025-12-16,Spurs @ Knicks,0.344,Mixed,high volatility,23.9,23.9,0.0,5.65,13.38,0.782,0.352,-6.07,3.2,531,496,True
22500367,2025-12-17,Cavaliers @ Bulls,0.372,Mixed,high volatility,18.6,18.6,0.0,17.61,13.37,1.0,0.11,-3.35,1.12,493,511,True
22500368,2025-12-17,Grizzlies @ Timberwolves,0.332,Mixed,high volatility,18.6,14.4,0.0,4.78,10.56,0.739,0.369,3.02,-5.0,530,530,True
22500369,2025-12-18,Clippers @ Thunder,0.404,Mixed,high volatility,7.2,12.0,0.0,18.18,10.78,1.0,0.27,16.0,-17.15,537,540,True
22500370,2025-12-18,Wizards @ Spurs,0.432,Mixed,high volatility,22.3,9.6,0.0,11.63,22.15,1.0,0.41,13.6,-15.51,497,496,True
22500371,2025-12-18,Hawks @ Hornets,0.38,Mixed,high volatility,9.6,9.6,0.0,14.66,10.19,1.0,0.15,-0.94,-0.21,482,519,True
22500372,2025-12-18,Knicks @ Pacers,0.437,Mixed,high volatility,9.6,22.3,0.0,20.49,9.78,0.989,0.455,-6.58,4.66,538,532,True
22500373,2025-12-18,Heat @ Nets,0.414,Mixed,high volatility,9.6,12.0,0.0,25.35,11.89,1.0,0.32,-2.68,1.38,514,579,True
22500374,2025-12-18,Raptors @ Bucks,0.404,Mixed,high volatility,9.6,18.6,0.0,21.36,14.21,1.0,0.269,-0.68,-1.02,555,513,True
22500375,2025-12-18,Rockets @ Pelicans,0.358,Mixed,high volatility,14.9,12.0,0.0,13.42,13.31,1.0,0.04,-7.99,6.38,504,507,True
22500376,2025-12-18,Pistons @ Mavericks,0.361,Mixed,high volatility,12.0,12.0,0.0,12.97,8.73,0.936,0.165,-4.65,3.21,548,489,True
22500377,2025-12-18,Magic @ Nuggets,0.298,Clean,high volatility,12.0,7.2,0.0,7.47,8.36,0.791,0.105,-4.05,2.9,576,510,True
22500378,2025-12-18,Warriors @ Suns,0.377,Mixed,high volatility,9.6,14.9,0.0,12.88,15.32,1.0,0.136,2.79,-4.26,544,537,True
22500379,2025-12-18,Lakers @ Jazz,0.37,Mixed,high volatility,18.6,14.9,0.0,13.24,8.49,0.924,0.231,-6.32,4.31,515,555,True
22500380,2025-12-18,Kings @ Trail Blazers,0.384,Mixed,high volatility,9.6,9.6,0.0,11.18,16.93,1.0,0.168,12.29,-13.44,503,503,True
22500381,2025-12-19,Heat @ Celtics,0.468,Mixed,high volatility,9.6,36.8,0.068,13.61,10.7,1.0,0.438,-0.44,-2.34,591,580,True
22500382,2025-12-19,76ers @ Knicks,0.612,Mixed,"high volatility, asymmetry mismatch",63.2,7.2,0.332,13.37,8.65,0.932,0.68,-0.69,-3.53,533,534,True
22500383,2025-12-19,Spurs @ Hawks,0.653,Mixed,high volatility,56.2,63.2,0.594,11.34,14.08,1.0,0.177,-7.27,0.11,520,498,True
22500384,2025-12-19,Bulls @ Cavaliers,0.458,Mixed,high volatility,39.8,39.8,0.196,5.43,18.64,0.771,0.498,3.35,-8.12,512,494,True
22500385,2025-12-19,Thunder @ Timberwolves,0.488,Mixed,high volatility,39.8,36.8,0.166,9.46,21.41,0.973,0.364,-15.32,10.73,531,538,True
22500386,2025-12-20,Rockets @ Nuggets,0.338,Mixed,high volatility,14.4,14.4,0.0,10.19,8.41,0.92,0.08,-7.3,5.57,577,508,True
22500387,2025-12-20,Mavericks @ 76ers,0.373,Mixed,high volatility,28.0,14.4,0.0,4.73,13.05,0.737,0.578,0.19,-2.73,535,549,True
22500388,2025-12-20,Celtics @ Raptors,0.39,Mixed,high volatility,14.4,28.0,0.0,12.15,13.09,1.0,0.2,3.4,-5.95,514,592,True
22500389,2025-12-20,Pacers @ Pelicans,0.365,Mixed,high volatility,22.3,14.4,0.0,5.49,13.72,0.774,0.472,8.73,-10.93,505,539,True
22500390,2025-12-20,Hornets @ Pistons,0.362,Mixed,high volatility,14.4,14.4,0.0,10.48,12.16,1.0,0.062,3.07,-4.8,490,483,True
22500391,2025-12-20,Wizards @ Grizzlies,0.365,Mixed,high volatility,12.0,14.4,0.0,18.38,16.29,1.0,0.077,14.41,-16.0,531,497,True
22500392,2025-12-20,Suns @ Warriors,0.385,Mixed,high volatility,22.3,14.4,0.0,15.46,12.84,1.0,0.174,-0.0,-2.2,538,545,True
22500393,2025-12-20,Magic @ Jazz,0.346,Mixed,high volatility,14.4,14.4,0.0,11.36,8.26,0.913,0.133,-5.96,4.24,516,511,True
22500394,2025-12-20,Trail Blazers @ Kings,0.381,Mixed,high volatility,22.3,14.4,0.0,11.69,10.21,1.0,0.155,-9.97,7.77,504,504,True
22500395,2025-12-20,Lakers @ Clippers,0.357,Mixed,high volatility,14.4,14.4,0.0,12.83,8.3,0.915,0.182,0.47,-2.2,541,556,True
22500396,2025-12-21,Bulls @ Hawks,0.405,Mixed,high volatility,31.9,39.8,0.117,8.46,9.83,0.915,0.162,3.69,-7.99,521,495,True
22500397,2025-12-21,Raptors @ Nets,0.608,Mixed,"high volatility, asymmetry mismatch",12.0,56.2,0.262,20.64,12.39,1.0,0.702,-0.52,-3.57,515,515,True
22500398,2025-12-21,Heat @ Knicks,0.458,Mixed,high volatility,46.1,31.9,0.18,11.28,7.76,0.888,0.333,6.23,-10.91,534,581,True
22500399,2025-12-21,Spurs @ Wizards,0.514,Mixed,high volatility,47.5,46.1,0.336,16.11,14.37,1.0,0.062,-12.72,7.1,498,499,True
22500400,2025-12-21,Bucks @ Timberwolves,0.522,Mixed,"high volatility, asymmetry mismatch",39.8,12.0,0.098,9.56,21.88,0.978,0.676,3.45,-6.55,532,556,True
22500401,2025-12-21,Rockets @ Kings,0.567,Mixed,high volatility,56.2,47.5,0.437,12.97,7.06,0.853,0.36,-12.14,5.92,505,509,True
22500402,2025-12-22,Hornets @ Cavaliers,0.348,Mixed,high volatility,12.0,14.4,0.0,6.92,12.08,0.846,0.26,4.21,-5.8,513,484,True
22500403,2025-12-22,Pacers @ Celtics,0.393,Mixed,high volatility,31.9,22.3,0.019,12.41,14.06,1.0,0.17,9.29,-12.54,593,540,True
22500404,2025-12-22,Mavericks @ Pelicans,0.252,Clean,high volatility,22.3,31.9,0.019,5.87,6.32,0.609,0.148,3.46,-6.71,506,550,True
22500405,2025-12-22,Jazz @ Nuggets,0.36,Mixed,high volatility,31.9,31.9,0.038,10.38,8.86,0.943,0.065,6.79,-10.61,578,517,True
22500406,2025-12-22,Grizzlies @ Thunder,0.422,Mixed,high volatility,12.0,31.9,0.019,19.48,16.23,1.0,0.319,2.68,-5.31,539,532,True
22500407,2025-12-22,Magic @ Warriors,0.352,Mixed,high volatility,14.4,14.4,0.0,10.84,10.56,1.0,0.01,-2.6,0.87,539,512,True
22500408,2025-12-22,Pistons @ Trail Blazers,0.395,Mixed,high volatility,14.4,31.9,0.019,8.43,10.68,0.921,0.319,-5.26,2.49,505,491,True
22500409,2025-12-23,Wizards @ Hornets,0.575,Mixed,high volatility,56.2,39.8,0.36,15.05,20.0,1.0,0.315,-5.51,-0.25,485,499,True
22500410,2025-12-23,Nets @ 76ers,0.395,Mixed,high volatility,12.0,14.4,0.0,7.9,20.04,0.895,0.407,1.88,-3.46,536,516,True
22500411,2025-12-23,Bulls @ Hawks,0.397,Mixed,high volatility,39.8,39.8,0.196,7.18,9.27,0.823,0.105,2.95,-7.72,522,496,True
22500412,2025-12-23,Pelicans @ Cavaliers,0.595,Mixed,high volatility,56.2,56.2,0.524,13.03,8.53,0.926,0.177,5.39,-12.14,514,507,True
22500413,2025-12-23,Bucks @ Pacers,0.606,Mixed,"high volatility, asymmetry mismatch",56.2,14.4,0.262,14.07,22.95,1.0,0.688,-10.31,6.07,541,557,True
22500414,2025-12-23,Raptors @ Heat,0.471,Mixed,high volatility,39.8,39.8,0.196,10.53,15.73,1.0,0.163,-1.52,-3.25,582,516,True
22500415,2025-12-23,Nuggets @ Mavericks,0.565,Mixed,high volatility,56.2,56.2,0.524,8.22,9.76,0.899,0.072,-9.97,3.23,551,579,True
22500416,2025-12-23,Knicks @ Timberwolves,0.635,Mixed,high volatility,39.8,66.6,0.464,11.44,10.28,1.0,0.38,-8.19,1.8,533,535,True
22500417,2025-12-23,Thunder @ Spurs,0.669,Mixed,"high fatigue load, high volatility",66.6,56.2,0.628,18.19,15.84,1.0,0.183,-17.66,10.29,500,540,True
22500418,2025-12-23,Lakers @ Suns,0.394,Mixed,high volatility,12.0,12.0,0.0,17.36,10.11,1.0,0.218,1.68,-3.12,546,557,True
22500419,2025-12-23,Grizzlies @ Jazz,0.627,Mixed,high volatility,56.2,56.2,0.524,9.68,17.26,0.984,0.235,-0.41,-6.34,518,533,True
22500420,2025-12-23,Magic @ Trail Blazers,0.563,Mixed,high volatility,56.2,56.2,0.524,6.04,10.67,0.802,0.232,-4.74,-2.01,506,513,True
22500421,2025-12-23,Pistons @ Kings,0.501,Mixed,high volatility,39.8,56.2,0.36,6.06,9.07,0.756,0.37,-7.65,1.89,506,492,True
22500422,2025-12-23,Rockets @ Clippers,0.493,Mixed,high volatility,12.0,39.8,0.098,15.65,9.23,0.962,0.564,-3.02,-0.09,542,510,True
22500009,2025-12-25,Cavaliers @ Knicks,0.631,Mixed,"high volatility, asymmetry mismatch",66.6,46.1,0.527,4.67,13.54,0.734,0.685,5.27,-12.03,536,515,True
22500010,2025-12-25,Spurs @ Thunder,0.688,Noisy,"high fatigue load, high volatility",60.3,66.6,0.669,17.55,13.45,1.0,0.185,13.28,-20.9,541,501,True
22500011,2025-12-25,Mavericks @ Warriors,0.584,Mixed,"high volatility, asymmetry mismatch",33.2,66.6,0.398,10.12,5.64,0.782,0.654,1.91,-7.9,540,552,True
22500012,2025-12-25,Rockets @ Lakers,0.638,Mixed,high volatility,31.9,66.6,0.385,12.06,17.01,1.0,0.572,-0.58,-5.33,558,511,True
22500013,2025-12-25,Timberwolves @ Nuggets,0.653,Mixed,high volatility,66.6,46.1,0.527,9.77,12.23,0.988,0.35,-7.03,0.27,580,534,True
22500423,2025-12-26,Heat @ Hawks,0.41,Mixed,high volatility,38.4,33.2,0.116,5.81,13.44,0.79,0.407,-1.9,-2.39,523,583,True
22500424,2025-12-26,Hornets @ Magic,0.45,Mixed,high volatility,33.2,38.4,0.116,10.75,16.41,1.0,0.237,3.41,-7.7,514,486,True
22500425,2025-12-26,Raptors @ Wizards,0.416,Mixed,high volatility,38.4,33.2,0.116,19.43,19.29,1.0,0.067,-13.1,8.81,500,517,True
22500426,2025-12-26,Celtics @ Pacers,0.388,Mixed,high volatility,38.4,21.3,0.084,6.44,9.38,0.791,0.367,-8.84,5.26,542,594,True
22500427,2025-12-26,76ers @ Bulls,0.324,Clean,high volatility,38.4,33.2,0.116,4.83,7.83,0.633,0.253,-0.94,-3.36,497,537,True
22500428,2025-12-26,Bucks @ Grizzlies,0.47,Mixed,high volatility,38.4,12.0,0.084,16.91,20.92,1.0,0.412,-1.5,-1.52,534,558,True
22500429,2025-12-26,Suns @ Pelicans,0.404,Mixed,high volatility,33.2,12.0,0.032,9.11,9.81,0.946,0.295,-1.26,-1.45,508,547,True
22500430,2025-12-26,Pistons @ Jazz,0.411,Mixed,high volatility,38.4,38.4,0.168,8.05,10.21,0.903,0.098,-7.17,2.56,519,493,True
22500431,2025-12-26,Clippers @ Trail Blazers,0.427,Mixed,"high volatility, asymmetry mismatch",33.2,12.0,0.032,5.25,16.43,0.762,0.728,-3.39,0.68,507,543,True
22500432,2025-12-27,Mavericks @ Kings,0.507,Mixed,high volatility,26.5,66.6,0.366,6.36,7.04,0.67,0.54,-10.06,4.47,507,553,True
22500433,2025-12-27,Nuggets @ Magic,0.791,Noisy,"high fatigue load, high volatility",86.0,66.6,0.866,11.72,8.79,0.94,0.363,-1.46,-7.7,515,581,True
22500434,2025-12-27,Suns @ Pelicans,0.72,Noisy,"high fatigue load, high volatility",86.0,56.2,0.762,7.35,9.0,0.818,0.456,-4.36,-4.17,509,548,True
22500435,2025-12-27,Knicks @ Hawks,0.566,Mixed,high volatility,63.2,52.4,0.556,8.83,5.36,0.71,0.335,-8.86,1.92,524,537,True
22500436,2025-12-27,Pacers @ Heat,0.784,Noisy,"high fatigue load, high volatility, asymmetry mismatch",63.2,86.0,0.832,15.14,5.31,0.765,0.71,7.14,-16.09,584,543,True
22500437,2025-12-27,Bucks @ Bulls,0.657,Mixed,high volatility,63.2,56.2,0.594,10.11,13.22,1.0,0.198,2.47,-9.64,498,559,True
22500438,2025-12-27,Cavaliers @ Rockets,0.67,Noisy,high volatility,66.6,46.1,0.527,16.4,11.03,1.0,0.416,6.44,-13.2,512,516,True
22500439,2025-12-27,Nets @ Timberwolves,0.532,Mixed,high volatility,46.1,9.6,0.161,15.1,19.19,1.0,0.548,3.67,-7.01,535,517,True
22500440,2025-12-27,Jazz @ Spurs,0.793,Noisy,"high fatigue load, high volatility",52.4,86.0,0.724,21.8,14.16,1.0,0.587,6.09,-14.39,502,520,True
22500441,2025-12-28,Warriors @ Raptors,0.536,Mixed,high volatility,46.1,18.6,0.161,20.41,11.56,1.0,0.569,-0.1,-3.78,518,541,True
22500442,2025-12-28,76ers @ Thunder,0.43,Mixed,high volatility,33.2,22.3,0.032,18.7,8.57,0.928,0.455,14.37,-17.7,542,538,True
22500443,2025-12-28,Grizzlies @ Wizards,0.498,Mixed,high volatility,46.1,46.1,0.322,17.86,17.26,1.0,0.013,-13.43,7.9,501,535,True
22500444,2025-12-28,Celtics @ Trail Blazers,0.465,Mixed,high volatility,46.1,22.3,0.161,7.45,10.41,0.873,0.436,-4.57,0.46,508,595,True
22500445,2025-12-28,Pistons @ Clippers,0.495,Mixed,high volatility,22.3,46.1,0.161,9.26,12.71,0.963,0.429,-6.27,2.17,544,494,True
22500446,2025-12-28,Kings @ Lakers,0.618,Mixed,"high volatility, asymmetry mismatch",18.6,63.2,0.332,13.95,8.94,0.947,0.685,11.02,-15.93,559,508,True
22500447,2025-12-29,Bucks @ Hornets,0.446,Mixed,high volatility,33.2,39.8,0.13,17.1,13.09,1.0,0.189,-3.53,-0.85,487,560,True
22500448,2025-12-29,Suns @ Wizards,0.628,Mixed,"high volatility, asymmetry mismatch",63.2,39.8,0.43,17.26,7.65,0.883,0.626,-13.63,7.45,502,549,True
22500449,2025-12-29,Warriors @ Nets,0.577,Mixed,high volatility,14.4,56.2,0.262,13.24,11.9,1.0,0.545,-2.83,-1.41,518,542,True
22500450,2025-12-29,Nuggets @ Heat,0.72,Noisy,"high fatigue load, high volatility",52.4,72.9,0.653,15.51,11.41,1.0,0.381,0.89,-8.41,585,582,True
22500451,2025-12-29,Magic @ Raptors,0.735,Noisy,"high fatigue load, high volatility",70.2,66.6,0.768,19.02,12.98,1.0,0.195,-0.75,-7.46,519,516,True
22500452,2025-12-29,Timberwolves @ Bulls,0.51,Mixed,high volatility,46.1,46.1,0.322,15.77,19.06,1.0,0.073,-5.6,0.07,499,536,True
22500453,2025-12-29,Pacers @ Rockets,0.671,Noisy,high volatility,52.4,66.6,0.59,16.33,7.43,0.871,0.501,7.82,-14.96,513,544,True
22500454,2025-12-29,Knicks @ Pelicans,0.5,Mixed,stable conditions,66.6,52.4,0.59,5.46,5.72,0.559,0.196,-8.83,1.69,510,538,True
22500455,2025-12-29,Hawks @ Thunder,0.782,Noisy,"high fatigue load, high volatility, asymmetry mismatch",86.0,46.1,0.661,18.75,8.13,0.907,0.839,11.84,-19.77,543,525,True
22500456,2025-12-29,Cavaliers @ Spurs,0.718,Noisy,high volatility,52.4,66.6,0.59,24.41,9.7,0.985,0.537,3.92,-11.06,503,517,True
22500457,2025-12-29,Mavericks @ Trail Blazers,0.743,Noisy,"high fatigue load, high volatility",86.0,72.9,0.929,8.71,6.86,0.779,0.262,-7.43,-2.11,509,554,True
22500458,2025-12-30,76ers @ Grizzlies,0.488,Mixed,high volatility,46.1,39.8,0.259,13.93,7.22,0.861,0.35,-0.53,-4.62,536,539,True
22500459,2025-12-30,Celtics @ Jazz,0.457,Mixed,high volatility,38.4,22.3,0.084,14.36,10.07,1.0,0.346,-7.8,4.16,521,596,True
22500460,2025-12-30,Pistons @ Lakers,0.488,Mixed,high volatility,39.8,46.1,0.259,12.82,11.94,1.0,0.109,-6.75,1.6,560,495,True
22500461,2025-12-30,Kings @ Clippers,0.487,Mixed,high volatility,39.8,46.1,0.259,5.81,15.03,0.79,0.469,10.58,-15.73,545,509,True
22500462,2025-12-31,Warriors @ Hornets,0.475,Mixed,high volatility,28.6,46.1,0.161,13.01,11.63,1.0,0.264,-3.45,-1.03,488,543,True
22500463,2025-12-31,Timberwolves @ Hawks,0.583,Mixed,high volatility,52.4,52.4,0.448,15.09,22.8,1.0,0.157,-7.01,0.72,526,537,True
22500464,2025-12-31,Magic @ Pacers,0.515,Mixed,high volatility,52.4,52.4,0.448,8.24,9.17,0.871,0.043,-10.21,3.92,545,517,True
22500465,2025-12-31,Suns @ Cavaliers,0.55,Mixed,high volatility,52.4,46.1,0.385,9.59,11.95,0.98,0.169,-3.88,-2.03,518,550,True
22500466,2025-12-31,Pelicans @ Bulls,0.575,Mixed,high volatility,52.4,52.4,0.448,18.24,6.58,0.829,0.415,-6.11,-0.18,500,511,True
22500467,2025-12-31,Knicks @ Spurs,0.598,Mixed,high volatility,52.4,52.4,0.448,24.68,6.91,0.846,0.5,3.16,-9.44,504,539,True
22500468,2025-12-31,Nuggets @ Raptors,0.599,Mixed,high volatility,52.4,52.4,0.448,18.36,10.19,1.0,0.237,0.96,-7.24,520,583,True
22500469,2025-12-31,Wizards @ Bucks,0.552,Mixed,high volatility,46.1,52.4,0.385,14.8,17.45,1.0,0.144,11.1,-17.01,561,503,True
22500470,2025-12-31,Trail Blazers @ Thunder,0.6,Mixed,high volatility,52.4,52.4,0.448,19.2,9.61,0.98,0.278,13.66,-19.94,544,510,True
22500471,2026-01-01,Rockets @ Nets,0.479,Mixed,high volatility,18.6,43.7,0.137,16.48,17.57,1.0,0.339,-3.35,-0.39,519,514,True
22500472,2026-01-01,Heat @ Pistons,0.549,Mixed,high volatility,52.4,43.7,0.361,13.06,15.62,1.0,0.182,5.76,-11.52,496,586,True
22500473,2026-01-01,76ers @ Mavericks,0.487,Mixed,high volatility,43.7,46.1,0.298,8.75,10.96,0.938,0.123,-0.72,-4.67,555,540,True
22500474,2026-01-01,Celtics @ Kings,0.538,Mixed,high volatility,52.4,46.1,0.385,13.33,6.68,0.834,0.364,-13.24,7.33,510,597,True
22500475,2026-01-01,Jazz @ Clippers,0.537,Mixed,high volatility,46.1,52.4,0.385,6.93,12.92,0.847,0.337,7.03,-12.94,546,522,True
22500476,2026-01-02,Spurs @ Pacers,0.734,Noisy,"high fatigue load, high volatility, asymmetry mismatch",72.9,52.4,0.653,7.98,20.06,0.899,0.628,-6.14,-1.38,546,505,True
22500477,2026-01-02,Nets @ Wizards,0.733,Noisy,"high fatigue load, high volatility",72.9,56.2,0.691,12.91,18.98,1.0,0.362,-14.54,6.79,504,520,True
22500478,2026-01-02,Nuggets @ Cavaliers,0.55,Mixed,high volatility,52.4,52.4,0.448,9.36,10.52,0.968,0.05,-8.01,1.72,519,584,True
22500479,2026-01-02,Hawks @ Knicks,0.723,Noisy,"high fatigue load, high volatility",52.4,72.9,0.653,8.91,15.7,0.946,0.49,6.39,-13.91,540,527,True
22500480,2026-01-02,Magic @ Bulls,0.772,Noisy,"high fatigue load, high volatility",72.9,72.9,0.858,18.4,8.46,0.923,0.317,-5.07,-3.67,501,518,True
22500481,2026-01-02,Hornets @ Bucks,0.649,Mixed,high volatility,66.6,46.1,0.527,14.08,12.38,1.0,0.31,2.84,-9.6,562,489,True
22500482,2026-01-02,Trail Blazers @ Pelicans,0.743,Noisy,"high fatigue load, high volatility",72.9,72.9,0.858,7.49,13.84,0.875,0.255,2.99,-11.74,512,511,True
22500483,2026-01-02,Kings @ Suns,0.824,Noisy,"high fatigue load, high volatility",66.6,93.0,0.866,10.67,13.31,1.0,0.422,10.37,-19.95,551,511,True
22500484,2026-01-02,Thunder @ Warriors,0.566,Mixed,high volatility,46.1,52.4,0.385,13.19,18.69,1.0,0.215,-16.3,10.39,544,545,True
22500485,2026-01-02,Grizzlies @ Lakers,0.448,Mixed,high volatility,18.6,38.4,0.084,14.47,12.66,1.0,0.301,1.58,-5.0,561,537,True
22500486,2026-01-03,Timberwolves @ Heat,0.535,Mixed,high volatility,46.1,38.4,0.245,9.41,21.49,0.971,0.425,-6.27,1.2,587,538,True
22500487,2026-01-03,76ers @ Knicks,0.744,Noisy,"high fatigue load, high volatility",93.0,46.1,0.661,9.14,10.44,0.957,0.557,-4.05,-4.3,541,541,True
22500488,2026-01-03,Hawks @ Raptors,0.75,Noisy,"high fatigue load, high volatility",43.7,93.0,0.637,16.31,13.8,1.0,0.567,1.98,-10.18,521,528,True
22500489,2026-01-03,Hornets @ Bulls,0.844,Noisy,"high fatigue load, high volatility",93.0,70.2,0.902,18.6,12.54,1.0,0.442,0.39,-10.18,502,490,True
22500490,2026-01-03,Trail Blazers @ Spurs,0.82,Noisy,"high fatigue load, high volatility",93.0,100.0,1.0,10.92,11.19,1.0,0.098,0.32,-11.9,506,512,True
22500491,2026-01-03,Rockets @ Mavericks,0.578,Mixed,high volatility,52.4,52.4,0.448,10.65,14.63,1.0,0.13,-10.54,4.26,556,515,True
22500492,2026-01-03,Jazz @ Warriors,0.786,Noisy,"high fatigue load, high volatility",93.0,52.4,0.724,12.79,11.25,1.0,0.553,4.92,-13.64,545,523,True
22500493,2026-01-03,Celtics @ Clippers,0.527,Mixed,high volatility,46.1,46.1,0.322,20.01,13.24,1.0,0.162,-2.63,-2.9,547,598,True
22500494,2026-01-04,Pistons @ Cavaliers,0.541,Mixed,high volatility,52.4,38.4,0.308,9.88,12.53,0.994,0.273,-8.54,3.1,520,497,True
22500495,2026-01-04,Pacers @ Magic,0.444,Mixed,stable conditions,52.4,52.4,0.448,3.45,7.28,0.536,0.275,7.59,-13.88,519,547,True
22500496,2026-01-04,Nuggets @ Nets,0.594,Mixed,high volatility,46.1,52.4,0.385,20.14,10.16,1.0,0.352,-5.6,-0.31,521,585,True
22500497,2026-01-04,Pelicans @ Heat,0.646,Mixed,"high fatigue load, high volatility",70.2,52.4,0.626,9.57,7.6,0.859,0.317,-0.48,-6.88,588,513,True
22500498,2026-01-04,Timberwolves @ Wizards,0.756,Noisy,"high fatigue load, high volatility",72.9,70.2,0.831,16.42,23.12,1.0,0.16,-13.01,4.42,505,539,True
22500499,2026-01-04,Thunder @ Suns,0.692,Noisy,high volatility,46.1,72.9,0.59,12.14,13.67,1.0,0.383,-17.33,10.19,552,546,True
22500500,2026-01-04,Bucks @ Kings,0.691,Noisy,"high fatigue load, high volatility",72.9,52.4,0.653,8.81,10.75,0.941,0.34,-15.21,7.69,512,563,True
22500501,2026-01-04,Grizzlies @ Lakers,0.497,Mixed,high volatility,39.8,46.1,0.259,13.65,11.43,1.0,0.152,0.11,-5.27,562,538,True
22500502,2026-01-05,Knicks @ Pistons,0.768,Noisy,"high fatigue load, high volatility",70.2,72.9,0.831,16.69,10.57,1.0,0.219,4.69,-13.27,498,542,True
22500503,2026-01-05,Bulls @ Celtics,0.708,Noisy,high volatility,46.1,72.9,0.59,13.2,18.22,1.0,0.463,4.8,-11.94,599,503,True
22500504,2026-01-05,Hawks @ Raptors,0.707,Noisy,"high volatility, asymmetry mismatch",46.1,72.9,0.59,8.13,16.33,0.907,0.622,2.03,-9.17,522,529,True
22500505,2026-01-05,Suns @ Rockets,0.752,Noisy,"high fatigue load, high volatility",46.1,93.0,0.661,11.6,12.23,1.0,0.522,-4.87,-3.48,516,553,True
22500506,2026-01-05,Hornets @ Thunder,0.848,Noisy,"high fatigue load, high volatility",100.0,72.9,0.929,18.94,16.2,1.0,0.399,-1.0,-9.37,547,491,True
22500507,2026-01-05,Nuggets @ 76ers,0.753,Noisy,"high fatigue load, high volatility",46.1,100.0,0.661,9.93,10.75,0.996,0.533,-0.33,-8.43,542,586,True
22500508,2026-01-05,Warriors @ Clippers,0.723,Noisy,high volatility,46.1,72.9,0.59,19.84,11.92,1.0,0.537,-3.03,-4.11,548,546,True
22500509,2026-01-05,Jazz @ Trail Blazers,0.746,Noisy,"high fatigue load, high volatility",79.2,52.4,0.716,11.27,12.27,1.0,0.37,5.98,-13.88,513,524,True
22500510,2026-01-06,Cavaliers @ Pacers,0.486,Mixed,high volatility,52.4,52.4,0.448,4.47,8.78,0.662,0.265,-10.31,4.02,548,521,True
22500511,2026-01-06,Magic @ Wizards,0.569,Mixed,high volatility,52.4,52.4,0.448,16.69,6.73,0.837,0.372,-12.48,6.19,506,520,True
22500512,2026-01-06,Spurs @ Grizzlies,0.432,Mixed,high volatility,46.1,43.7,0.298,4.81,9.03,0.692,0.28,-1.5,-3.89,539,507,True
22500513,2026-01-06,Heat @ Timberwolves,0.573,Mixed,high volatility,52.4,52.4,0.448,20.47,15.48,1.0,0.107,5.02,-11.31,540,589,True
22500514,2026-01-06,Lakers @ Pelicans,0.521,Mixed,high volatility,52.4,46.1,0.385,7.36,10.41,0.868,0.222,-0.64,-5.27,514,563,True
22500515,2026-01-06,Mavericks @ Kings,0.655,Mixed,high volatility,72.9,23.9,0.429,12.61,10.9,1.0,0.562,-15.84,10.03,513,557,True
22500516,2026-01-07,Raptors @ Hornets,0.651,Mixed,high volatility,66.6,46.1,0.527,14.5,7.74,0.887,0.516,-3.53,-3.23,492,523,True
22500517,2026-01-07,Bulls @ Pistons,0.691,Noisy,high volatility,46.1,72.9,0.59,13.61,12.3,1.0,0.377,6.77,-13.91,499,504,True
22500518,2026-01-07,Wizards @ 76ers,0.768,Noisy,"high fatigue load, high volatility, asymmetry mismatch",46.1,93.0,0.661,6.94,17.11,0.847,0.868,9.67,-18.01,543,507,True
22500519,2026-01-07,Pelicans @ Hawks,0.827,Noisy,"high fatigue load, high volatility, asymmetry mismatch",72.9,93.0,0.929,16.35,5.11,0.756,0.721,4.29,-14.25,530,515,True
22500520,2026-01-07,Nuggets @ Celtics,0.684,Noisy,high volatility,46.1,72.9,0.59,11.45,8.89,0.945,0.44,-5.83,-1.31,600,587,True
22500521,2026-01-07,Magic @ Nets,0.703,Noisy,"high volatility, asymmetry mismatch",33.2,93.0,0.532,15.79,6.89,0.845,0.84,-1.53,-6.05,522,521,True
22500522,2026-01-07,Clippers @ Knicks,0.72,Noisy,high volatility,72.9,46.1,0.59,11.86,19.04,1.0,0.523,2.73,-9.87,543,549,True
22500523,2026-01-07,Lakers @ Spurs,0.781,Noisy,"high fatigue load, high volatility",93.0,63.2,0.832,7.71,10.07,0.885,0.484,0.59,-9.96,508,564,True
22500524,2026-01-07,Suns @ Grizzlies,0.721,Noisy,"high fatigue load, high volatility",63.2,72.9,0.761,6.63,14.39,0.832,0.44,-2.33,-5.84,540,554,True
22500525,2026-01-07,Jazz @ Thunder,0.705,Noisy,"high volatility, asymmetry mismatch",72.9,46.1,0.59,18.97,5.81,0.79,0.815,6.29,-13.43,548,525,True
22500526,2026-01-07,Bucks @ Warriors,0.657,Mixed,high volatility,72.9,38.4,0.513,10.5,8.3,0.915,0.528,1.33,-8.0,547,564,True
22500527,2026-01-07,Rockets @ Trail Blazers,0.684,Noisy,high volatility,72.9,46.1,0.59,11.39,11.62,1.0,0.343,-6.34,-0.8,514,517,True
22500528,2026-01-08,Pacers @ Hornets,0.764,Noisy,"high fatigue load, high volatility, asymmetry mismatch",93.0,52.4,0.724,12.98,4.21,0.711,0.948,-5.91,-2.81,493,549,True
22500529,2026-01-08,Heat @ Bulls,0.848,Noisy,"high fatigue load, high volatility",100.0,72.9,0.929,8.52,13.49,0.926,0.529,-5.73,-4.64,505,590,True
22500530,2026-01-08,Cavaliers @ Timberwolves,0.575,Mixed,high volatility,52.4,52.4,0.448,17.25,7.36,0.868,0.348,5.42,-11.71,541,522,True
22500531,2026-01-08,Mavericks @ Jazz,0.731,Noisy,"high fatigue load, high volatility, asymmetry mismatch",93.0,46.1,0.661,7.59,10.41,0.879,0.63,-11.61,3.27,526,558,True
22500532,2026-01-09,Raptors @ Celtics,0.551,Mixed,high volatility,52.4,52.4,0.448,11.12,8.94,0.947,0.092,-3.21,-3.08,601,524,True
22500533,2026-01-09,76ers @ Magic,0.642,Mixed,"high fatigue load, high volatility",79.2,52.4,0.716,7.26,7.04,0.715,0.348,-3.72,-4.18,522,544,True
22500534,2026-01-09,Pelicans @ Wizards,0.828,Noisy,"high fatigue load, high volatility",79.2,79.2,0.984,18.25,11.76,1.0,0.177,-12.85,3.35,508,516,True
22500535,2026-01-09,Clippers @ Nets,0.539,Mixed,high volatility,46.1,52.4,0.385,15.86,15.8,1.0,0.08,-3.93,-1.98,523,550,True
22500536,2026-01-09,Thunder @ Grizzlies,0.76,Noisy,"high fatigue load, high volatility",72.9,72.9,0.858,7.06,17.85,0.853,0.378,-3.11,-5.64,541,549,True
22500537,2026-01-09,Hawks @ Nuggets,0.806,Noisy,"high fatigue load, high volatility",72.9,79.2,0.921,12.48,17.28,1.0,0.209,2.49,-11.62,588,531,True
22500538,2026-01-09,Knicks @ Suns,0.785,Noisy,"high fatigue load, high volatility",79.2,72.9,0.921,9.38,11.34,0.969,0.157,0.75,-9.87,555,544,True
22500539,2026-01-09,Kings @ Warriors,0.703,Noisy,high volatility,72.9,43.7,0.566,13.94,9.74,0.987,0.513,10.96,-17.96,548,514,True
22500540,2026-01-09,Rockets @ Trail Blazers,0.713,Noisy,"high fatigue load, high volatility, asymmetry mismatch",79.2,46.1,0.653,5.71,12.12,0.785,0.722,-6.75,-0.77,515,518,True
22500541,2026-01-09,Bucks @ Lakers,0.601,Mixed,high volatility,66.6,52.4,0.59,7.5,8.85,0.818,0.246,2.0,-9.14,565,565,True
22500542,2026-01-10,Timberwolves @ Cavaliers,0.7,Noisy,"high fatigue load, high volatility",52.4,72.9,0.653,7.65,13.25,0.883,0.485,-8.78,1.26,523,542,True
22500543,2026-01-10,Heat @ Pacers,0.713,Noisy,"high fatigue load, high volatility",52.4,72.9,0.653,12.84,16.07,1.0,0.346,-10.01,2.49,550,591,True
22500544,2026-01-10,Clippers @ Pistons,0.728,Noisy,high volatility,38.4,93.0,0.584,14.56,17.73,1.0,0.577,7.46,-15.35,500,551,True
22500545,2026-01-10,Spurs @ Celtics,0.727,Noisy,"high fatigue load, high volatility, asymmetry mismatch",93.0,43.7,0.637,11.61,7.15,0.858,0.7,-7.91,-0.29,602,509,True
22500546,2026-01-10,Mavericks @ Bulls,0.731,Noisy,"high fatigue load, high volatility",79.2,46.1,0.653,10.29,10.83,1.0,0.435,0.05,-7.57,506,559,True
22500547,2026-01-10,Hornets @ Jazz,0.743,Noisy,"high fatigue load, high volatility",72.9,72.9,0.858,25.0,22.68,1.0,0.033,-0.11,-8.64,527,494,True
22500548,2026-01-11,Pelicans @ Magic,0.732,Noisy,"high fatigue load, high volatility",72.9,72.9,0.858,9.39,10.16,0.97,0.033,-1.14,-7.61,523,517,True
22500549,2026-01-11,Nets @ Grizzlies,0.7,Noisy,high volatility,72.9,46.1,0.59,8.32,14.71,0.916,0.57,-2.87,-4.27,542,524,True
22500550,2026-01-11,76ers @ Raptors,0.475,Mixed,high volatility,52.4,52.4,0.448,8.13,6.34,0.724,0.1,0.26,-6.54,525,545,True
22500551,2026-01-11,Knicks @ Trail Blazers,0.581,Mixed,high volatility,58.7,52.4,0.511,7.33,10.8,0.867,0.239,-5.16,-1.51,516,545,True
22500552,2026-01-11,Spurs @ Timberwolves,0.812,Noisy,"high fatigue load, high volatility",93.0,70.2,0.902,13.25,6.77,0.839,0.562,-7.85,-1.95,543,510,True
22500553,2026-01-11,Heat @ Thunder,0.862,Noisy,"high fatigue load, high volatility",79.2,93.0,0.992,11.62,16.99,1.0,0.328,10.75,-21.08,550,592,True
22500554,2026-01-11,Bucks @ Nuggets,0.674,Noisy,"high volatility, asymmetry mismatch",72.9,46.1,0.59,12.99,5.46,0.773,0.688,0.56,-7.7,589,566,True
22500555,2026-01-11,Wizards @ Suns,0.785,Noisy,"high fatigue load, high volatility",72.9,79.2,0.921,9.25,11.5,0.963,0.17,7.86,-16.99,556,509,True
22500556,2026-01-11,Hawks @ Warriors,0.624,Mixed,high volatility,58.7,52.4,0.511,11.64,16.47,1.0,0.219,0.68,-7.34,549,532,True
22500557,2026-01-11,Rockets @ Kings,0.575,Mixed,high volatility,52.4,46.1,0.385,15.92,10.29,1.0,0.257,-15.78,9.87,515,519,True
22500558,2026-01-12,Jazz @ Cavaliers,0.754,Noisy,"high fatigue load, high volatility",52.4,72.9,0.653,12.8,28.36,1.0,0.553,8.36,-15.87,524,528,True
22500559,2026-01-12,Celtics @ Pacers,0.672,Noisy,"high fatigue load, high volatility",52.4,72.9,0.653,11.02,5.2,0.76,0.56,-8.64,1.13,551,603,True
22500560,2026-01-12,76ers @ Raptors,0.761,Noisy,"high fatigue load, high volatility",93.0,93.0,1.0,9.15,8.02,0.859,0.055,-1.81,-9.35,526,546,True
22500561,2026-01-12,Nets @ Mavericks,0.659,Mixed,high volatility,46.1,70.2,0.563,10.09,9.48,0.974,0.326,2.13,-9.11,560,525,True
22500562,2026-01-12,Lakers @ Kings,0.68,Noisy,high volatility,70.2,38.4,0.486,17.24,11.67,1.0,0.556,-15.38,8.86,516,566,True
22500563,2026-01-12,Hornets @ Clippers,0.841,Noisy,"high fatigue load, high volatility",72.9,79.2,0.921,8.66,25.26,0.933,0.499,-2.54,-6.59,552,495,True
22500564,2026-01-13,Suns @ Heat,0.728,Noisy,"high fatigue load, high volatility",72.9,52.4,0.653,15.4,10.31,1.0,0.42,-6.61,-0.91,593,557,True
22500565,2026-01-13,Bulls @ Rockets,0.47,Mixed,high volatility,46.1,43.7,0.298,10.34,7.14,0.857,0.182,5.3,-10.69,520,507,True
22500566,2026-01-13,Timberwolves @ Bucks,0.694,Noisy,high volatility,46.1,72.9,0.59,14.24,16.35,1.0,0.39,-5.8,-1.34,567,544,True
22500567,2026-01-13,Nuggets @ Pelicans,0.706,Noisy,"high fatigue load, high volatility",72.9,52.4,0.653,8.67,13.02,0.933,0.426,-5.21,-2.31,518,590,True
22500568,2026-01-13,Spurs @ Thunder,0.685,Noisy,"high fatigue load, high volatility",52.4,72.9,0.653,12.56,5.9,0.795,0.566,11.72,-19.24,551,511,True
22500569,2026-01-13,Hawks @ Lakers,0.786,Noisy,"high fatigue load, high volatility",93.0,52.4,0.724,17.66,20.09,1.0,0.55,-4.95,-3.78,567,533,True
22500570,2026-01-13,Trail Blazers @ Warriors,0.571,Mixed,high volatility,52.4,52.4,0.448,13.06,10.37,1.0,0.095,2.69,-8.98,550,517,True
22500571,2026-01-14,Raptors @ Pacers,0.725,Noisy,"high fatigue load, high volatility",52.4,72.9,0.653,14.75,10.29,1.0,0.405,-2.14,-5.37,552,527,True
22500572,2026-01-14,Cavaliers @ 76ers,0.701,Noisy,"high fatigue load, high volatility",72.9,52.4,0.653,16.51,17.91,1.0,0.288,-0.97,-6.54,547,525,True
22500573,2026-01-14,Jazz @ Bulls,0.885,Noisy,"high fatigue load, high volatility, asymmetry mismatch",100.0,72.9,0.929,7.09,28.8,0.855,0.839,3.8,-14.17,508,529,True
22500574,2026-01-14,Nets @ Pelicans,0.744,Noisy,"high fatigue load, high volatility",100.0,72.9,0.929,7.65,5.98,0.681,0.437,-1.37,-9.01,519,526,True
22500575,2026-01-14,Nuggets @ Mavericks,0.744,Noisy,"high fatigue load, high volatility, asymmetry mismatch",46.1,100.0,0.661,5.6,13.86,0.78,0.87,-3.33,-5.43,561,591,True
22500576,2026-01-14,Knicks @ Kings,0.554,Mixed,high volatility,52.4,43.7,0.361,16.66,12.97,1.0,0.209,-13.01,7.24,517,546,True
22500577,2026-01-14,Wizards @ Clippers,0.661,Mixed,high volatility,72.9,43.7,0.566,8.35,9.87,0.911,0.435,7.53,-14.52,553,510,True
22500578,2026-01-15,Grizzlies @ Magic,0.332,Mixed,high volatility,19.1,19.1,0.0,9.83,8.4,0.911,0.065,0.69,-2.98,524,543,True
22500579,2026-01-15,Suns @ Pistons,0.574,Mixed,"high volatility, asymmetry mismatch",11.2,52.4,0.224,13.55,9.76,0.988,0.635,8.53,-12.34,501,558,True
22500580,2026-01-15,Celtics @ Heat,0.718,Noisy,"high fatigue load, high volatility, asymmetry mismatch",79.2,43.7,0.629,13.92,5.32,0.766,0.835,-2.52,-4.86,594,604,True
22500581,2026-01-15,Thunder @ Rockets,0.481,Mixed,high volatility,52.4,52.4,0.448,8.5,5.24,0.687,0.193,-14.24,7.96,521,552,True
22500582,2026-01-15,Bucks @ Spurs,0.544,Mixed,high volatility,52.4,46.1,0.385,7.22,13.77,0.861,0.345,2.42,-8.33,512,568,True
22500583,2026-01-15,Jazz @ Mavericks,0.896,Noisy,"high fatigue load, high volatility",93.0,100.0,1.0,10.24,28.61,1.0,0.479,4.05,-15.63,562,530,True
22500584,2026-01-15,Knicks @ Warriors,0.689,Noisy,"high fatigue load, high volatility",52.4,70.2,0.626,13.36,11.44,1.0,0.286,-4.58,-2.78,551,547,True
22500585,2026-01-15,Hawks @ Trail Blazers,0.595,Mixed,high volatility,52.4,52.4,0.448,12.3,21.36,1.0,0.215,-5.98,-0.31,518,534,True
22500586,2026-01-15,Hornets @ Lakers,0.556,Mixed,high volatility,52.4,43.7,0.361,17.91,24.15,1.0,0.217,-1.38,-4.39,568,496,True
22500587,2026-01-16,Bulls @ Nets,0.606,Mixed,"high fatigue load, high volatility",72.9,58.7,0.716,7.11,7.0,0.706,0.184,-5.41,-2.49,527,509,True
22500588,2026-01-16,Pelicans @ Pacers,0.759,Noisy,"high fatigue load, high volatility",52.4,79.2,0.716,14.88,8.53,0.926,0.565,-7.21,-0.69,553,520,True
22500589,2026-01-16,Cavaliers @ 76ers,0.7,Noisy,"high fatigue load, high volatility",72.9,52.4,0.653,16.4,17.55,1.0,0.283,-2.17,-5.34,548,526,True
22500590,2026-01-16,Clippers @ Raptors,0.708,Noisy,"high fatigue load, high volatility",72.9,72.9,0.858,10.31,5.37,0.768,0.265,-1.34,-7.41,528,554,True
22500591,2026-01-16,Timberwolves @ Rockets,0.762,Noisy,"high fatigue load, high volatility, asymmetry mismatch",93.0,43.7,0.637,12.03,16.35,1.0,0.625,-9.48,1.28,522,545,True
22500592,2026-01-16,Wizards @ Kings,0.679,Noisy,"high fatigue load, high volatility, asymmetry mismatch",72.9,52.4,0.653,17.1,3.35,0.667,0.756,6.86,-14.38,518,511,True
22500593,2026-01-17,Jazz @ Mavericks,0.854,Noisy,"high fatigue load, high volatility",72.9,79.2,0.921,10.5,27.6,1.0,0.449,6.79,-15.92,563,531,True
22500594,2026-01-17,Celtics @ Hawks,0.607,Mixed,high volatility,52.4,52.4,0.448,22.8,8.88,0.944,0.375,-8.98,2.69,535,605,True
22500595,2026-01-17,Pacers @ Pistons,0.687,Noisy,high volatility,22.3,93.0,0.5,18.54,21.87,1.0,0.56,7.36,-14.28,502,554,True
22500596,2026-01-17,Suns @ Knicks,0.525,Mixed,high volatility,52.4,52.4,0.448,10.28,5.91,0.795,0.227,-3.94,-2.34,548,559,True
22500597,2026-01-17,Thunder @ Heat,0.758,Noisy,"high fatigue load, high volatility, asymmetry mismatch",79.2,52.4,0.716,15.76,7.72,0.886,0.628,-15.72,7.82,595,553,True
22500598,2026-01-17,Timberwolves @ Spurs,0.848,Noisy,"high fatigue load, high volatility, asymmetry mismatch",72.9,100.0,0.929,6.1,16.38,0.805,0.742,1.83,-12.2,513,546,True
22500599,2026-01-17,Hornets @ Warriors,0.603,Mixed,high volatility,52.4,52.4,0.448,13.75,27.32,1.0,0.255,-1.61,-4.68,552,497,True
22500600,2026-01-17,Wizards @ Nuggets,0.656,Mixed,"high volatility, asymmetry mismatch",43.7,70.2,0.539,13.75,5.76,0.788,0.686,8.84,-15.68,592,512,True
22500601,2026-01-17,Lakers @ Trail Blazers,0.574,Mixed,high volatility,52.4,52.4,0.448,13.85,18.41,1.0,0.112,-4.64,-1.64,519,569,True
22500602,2026-01-18,Magic @ Grizzlies,0.358,Mixed,high volatility,23.9,23.9,0.0,11.32,9.8,0.99,0.06,0.03,-2.9,544,525,True
22500603,2026-01-18,Nets @ Bulls,0.66,Mixed,"high fatigue load, high volatility",52.4,72.9,0.653,9.4,7.55,0.848,0.348,1.19,-8.71,510,528,True
22500604,2026-01-18,Pelicans @ Rockets,0.766,Noisy,"high fatigue load, high volatility",72.9,79.2,0.921,12.58,4.17,0.709,0.517,3.03,-12.15,523,521,True
22500605,2026-01-18,Hornets @ Nuggets,0.897,Noisy,"high fatigue load, high volatility, asymmetry mismatch",100.0,70.2,0.902,11.36,27.19,1.0,0.704,-4.23,-5.98,593,498,True
22500606,2026-01-18,Trail Blazers @ Kings,0.84,Noisy,"high fatigue load, high volatility",72.9,93.0,0.929,10.52,13.63,1.0,0.358,-11.87,1.92,519,520,True
22500607,2026-01-18,Raptors @ Lakers,0.887,Noisy,"high fatigue load, high volatility",100.0,72.9,0.929,21.3,11.16,1.0,0.594,-4.3,-6.07,570,529,True
22500014,2026-01-19,Bucks @ Hawks,0.546,Mixed,high volatility,52.4,14.9,0.224,14.98,14.83,1.0,0.474,3.99,-8.03,536,569,True
22500015,2026-01-19,Thunder @ Cavaliers,0.57,Mixed,high volatility,38.4,52.4,0.308,21.06,11.63,1.0,0.408,-12.24,6.79,527,554,True
22500016,2026-01-19,Mavericks @ Knicks,0.696,Noisy,"high fatigue load, high volatility",52.4,72.9,0.653,10.82,10.73,1.0,0.26,1.42,-8.94,549,564,True
22500017,2026-01-19,Celtics @ Pistons,0.563,Mixed,"high volatility, asymmetry mismatch",22.3,52.4,0.224,17.61,8.94,0.947,0.653,8.7,-13.18,503,606,True
22500608,2026-01-19,Clippers @ Wizards,0.427,Mixed,stable conditions,52.4,43.7,0.361,4.29,7.26,0.578,0.31,-10.74,4.98,513,555,True
22500609,2026-01-19,Pacers @ 76ers,0.679,Noisy,high volatility,43.7,72.9,0.566,15.58,15.86,1.0,0.372,-0.39,-6.61,549,555,True
22500610,2026-01-19,Suns @ Nets,0.685,Noisy,"high fatigue load, high volatility",93.0,52.4,0.724,7.64,6.22,0.693,0.583,-6.31,-2.41,529,560,True
22500611,2026-01-19,Jazz @ Spurs,0.725,Noisy,"high fatigue load, high volatility, asymmetry mismatch",52.4,79.2,0.716,6.08,11.81,0.804,0.607,8.29,-16.19,514,532,True
22500612,2026-01-19,Heat @ Warriors,0.558,Mixed,high volatility,52.4,52.4,0.448,14.05,13.01,1.0,0.032,-2.01,-4.28,553,596,True
22500613,2026-01-20,Suns @ 76ers,0.822,Noisy,"high fatigue load, high volatility, asymmetry mismatch",70.2,93.0,0.902,15.58,6.3,0.815,0.657,-4.08,-5.71,550,561,True
22500614,2026-01-20,Clippers @ Bulls,0.733,Noisy,"high fatigue load, high volatility",72.9,70.2,0.831,12.98,12.59,1.0,0.047,-3.24,-5.35,511,556,True
22500615,2026-01-20,Spurs @ Rockets,0.735,Noisy,"high fatigue load, high volatility",72.9,100.0,0.929,7.28,6.33,0.68,0.394,-6.34,-4.03,524,515,True
22500616,2026-01-20,Timberwolves @ Jazz,0.767,Noisy,"high fatigue load, high volatility, asymmetry mismatch",100.0,43.7,0.637,9.26,15.7,0.963,0.717,-13.97,5.34,533,547,True
22500617,2026-01-20,Lakers @ Nuggets,0.82,Noisy,"high fatigue load, high volatility",72.9,79.2,0.921,11.63,19.1,1.0,0.275,-1.27,-7.85,594,571,True
22500618,2026-01-20,Raptors @ Warriors,0.778,Noisy,"high fatigue load, high volatility",93.0,52.4,0.724,14.47,14.92,1.0,0.513,-3.25,-5.48,554,530,True
22500619,2026-01-20,Heat @ Kings,0.786,Noisy,"high fatigue load, high volatility",52.4,100.0,0.724,11.65,13.27,1.0,0.553,-10.41,1.27,520,597,True
22500620,2026-01-21,Cavaliers @ Hornets,0.501,Mixed,high volatility,43.7,46.1,0.298,17.29,20.07,1.0,0.085,0.81,-6.2,499,528,True
22500621,2026-01-21,Pacers @ Celtics,0.711,Noisy,"high fatigue load, high volatility",52.4,72.9,0.653,8.4,14.28,0.92,0.475,4.12,-11.64,607,556,True
22500622,2026-01-21,Nets @ Knicks,0.804,Noisy,"high fatigue load, high volatility",72.9,79.2,0.921,27.37,19.52,1.0,0.197,-0.44,-8.69,550,530,True
22500623,2026-01-21,Hawks @ Grizzlies,0.52,Mixed,high volatility,18.6,52.4,0.224,7.82,10.33,0.891,0.538,1.38,-5.64,545,537,True
22500624,2026-01-21,Pistons @ Pelicans,0.462,Mixed,high volatility,43.7,39.8,0.235,4.09,17.46,0.705,0.549,-8.62,3.61,522,504,True
22500625,2026-01-21,Thunder @ Bucks,0.521,Mixed,high volatility,28.6,52.4,0.224,12.78,11.27,1.0,0.349,-12.28,7.42,570,555,True
22500626,2026-01-21,Raptors @ Kings,0.836,Noisy,"high fatigue load, high volatility",93.0,100.0,1.0,11.21,14.07,1.0,0.181,-3.55,-8.03,521,531,True
22500627,2026-01-22,Hornets @ Magic,0.703,Noisy,"high volatility, asymmetry mismatch",9.6,93.0,0.5,13.88,19.94,1.0,0.642,0.16,-6.31,526,500,True
22500628,2026-01-22,Rockets @ 76ers,0.69,Noisy,"high fatigue load, high volatility",52.4,72.9,0.653,12.15,7.25,0.863,0.471,-0.58,-6.94,551,525,True
22500629,2026-01-22,Nuggets @ Wizards,0.5,Mixed,high volatility,38.4,52.4,0.308,4.0,11.31,0.7,0.583,-9.27,3.82,514,595,True
22500630,2026-01-22,Warriors @ Mavericks,0.712,Noisy,high volatility,43.7,72.9,0.566,10.41,15.84,1.0,0.537,-4.19,-2.81,565,555,True
22500631,2026-01-22,Bulls @ Timberwolves,0.575,Mixed,high volatility,52.4,52.4,0.448,16.81,12.63,1.0,0.115,3.42,-9.71,548,512,True
22500632,2026-01-22,Spurs @ Jazz,0.734,Noisy,"high fatigue load, high volatility",79.2,72.9,0.921,9.2,6.72,0.796,0.207,-12.09,2.96,534,516,True
22500633,2026-01-22,Lakers @ Clippers,0.712,Noisy,"high fatigue load, high volatility",52.4,72.9,0.653,12.41,15.4,1.0,0.343,-1.28,-6.24,557,572,True
22500634,2026-01-22,Heat @ Trail Blazers,0.678,Noisy,high volatility,30.7,79.2,0.499,13.32,13.82,1.0,0.515,-1.84,-4.75,521,598,True
22500635,2026-01-23,Rockets @ Pistons,0.745,Noisy,"high volatility, asymmetry mismatch",39.8,100.0,0.598,17.66,7.49,0.875,0.85,7.51,-15.9,505,526,True
22500636,2026-01-23,Suns @ Hawks,0.517,Mixed,high volatility,52.4,43.7,0.361,11.4,6.07,0.803,0.367,-3.28,-2.49,538,562,True
22500637,2026-01-23,Celtics @ Nets,0.762,Noisy,"high fatigue load, high volatility, asymmetry mismatch",79.2,52.4,0.716,18.96,5.87,0.793,0.81,-6.15,-1.74,531,608,True
22500638,2026-01-23,Kings @ Cavaliers,0.75,Noisy,"high fatigue load, high volatility, asymmetry mismatch",46.1,79.2,0.653,17.39,7.19,0.86,0.775,8.47,-15.99,529,522,True
22500639,2026-01-23,Pelicans @ Grizzlies,0.475,Mixed,high volatility,22.3,52.4,0.224,9.11,6.23,0.767,0.531,1.53,-6.01,546,523,True
22500640,2026-01-23,Nuggets @ Bucks,0.686,Noisy,"high volatility, asymmetry mismatch",28.6,100.0,0.5,12.75,8.91,0.946,0.65,-5.52,-2.2,571,596,True
22500641,2026-01-23,Pacers @ Thunder,0.708,Noisy,"high fatigue load, high volatility",52.4,72.9,0.653,14.94,17.65,1.0,0.321,11.52,-19.04,556,557,True
22500642,2026-01-23,Raptors @ Trail Blazers,0.785,Noisy,"high fatigue load, high volatility",70.2,79.2,0.894,12.39,14.06,1.0,0.164,-1.61,-7.35,522,532,True
18447461,2026-01-24,New York Knicks @ Philadelphia 76ers,0.0,Forming,early-season/low-history,7.2,7.2,0.0,,,,0.0,1.57,-2.43,0,0,False
18447463,2026-01-24,Washington Wizards @ Charlotte Hornets,0.0,Forming,early-season/low-history,7.2,7.2,0.0,,,,0.0,1.57,-2.43,0,0,False
18447464,2026-01-24,Cleveland Cavaliers @ Orlando Magic,0.0,Forming,early-season/low-history,7.2,7.2,0.0,,,,0.0,1.57,-2.43,0,0,False
18447465,2026-01-24,Boston Celtics @ Chicago Bulls,0.0,Forming,early-season/low-history,7.2,7.2,0.0,,,,0.0,1.57,-2.43,0,0,False
18447466,2026-01-24,Los Angeles Lakers @ Dallas Mavericks,0.0,Forming,early-season/low-history,7.2,7.2,0.0,,,,0.0,1.57,-2.43,0,0,False
18447467,2026-01-24,Miami Heat @ Utah Jazz,0.0,Forming,early-season/low-history,7.2,7.2,0.0,,,,0.0,1.57,-2.43,0,0,False
18447462,2026-01-25,Golden State Warriors @ Minnesota Timberwolves,0.0,Forming,early-season/low-history,7.2,7.2,0.0,,,,0.0,1.57,-2.43,0,0,False
18447468,2026-01-25,Sacramento Kings @ Detroit Pistons,0.0,Forming,early-season/low-history,7.2,7.2,0.0,,,,0.0,1.57,-2.43,0,0,False
18447469,2026-01-25,Denver Nuggets @ Memphis Grizzlies,0.0,Forming,early-season/low-history,7.2,7.2,0.0,,,,0.0,1.57,-2.43,0,0,False
18447470,2026-01-25,Dallas Mavericks @ Milwaukee Bucks,0.16,Forming,early-season/low-history,7.2,28.0,0.0,,,,0.52,7.57,-9.68,0,1,False
18447471,2026-01-25,Toronto Raptors @ Oklahoma City Thunder,0.0,Forming,early-season/low-history,7.2,7.2,0.0,,,,0.0,1.57,-2.43,0,0,False
18447472,2026-01-25,New Orleans Pelicans @ San Antonio Spurs,0.0,Forming,early-season/low-history,7.2,7.2,0.0,,,,0.0,1.57,-2.43,0,0,False
18447473,2026-01-25,Miami Heat @ Phoenix Suns,0.16,Forming,early-season/low-history,7.2,28.0,0.0,,,,0.52,-29.43,27.32,0,1,False
18447474,2026-01-25,Brooklyn Nets @ LA Clippers,0.0,Forming,early-season/low-history,7.2,7.2,0.0,,,,0.0,1.57,-2.43,0,0,False
18447475,2026-01-26,Philadelphia 76ers @ Charlotte Hornets,0.0,Forming,early-season/low-history,14.4,14.4,0.0,,,,0.0,8.14,-9.86,1,1,False
18447476,2026-01-26,Orlando Magic @ Cleveland Cavaliers,0.0,Forming,early-season/low-history,14.4,14.4,0.0,,,,0.0,29.14,-30.86,1,1,False
18447477,2026-01-26,Indiana Pacers @ Atlanta Hawks,0.0,Forming,early-season/low-history,7.2,7.2,0.0,,,,0.0,1.57,-2.43,0,0,False
18447478,2026-01-26,Portland Trail Blazers @ Boston Celtics,0.055,Forming,early-season/low-history,14.4,7.2,0.0,,,,0.18,-1.86,0.57,1,0,False
18447479,2026-01-26,Los Angeles Lakers @ Chicago Bulls,0.0,Forming,early-season/low-history,14.4,14.4,0.0,,,,0.0,-1.86,0.14,1,1,False
18447480,2026-01-26,Memphis Grizzlies @ Houston Rockets,0.16,Forming,early-season/low-history,7.2,28.0,0.0,,,,0.52,1.57,-3.68,0,1,False
18447481,2026-01-26,Golden State Warriors @ Minnesota Timberwolves,0.0,Forming,early-season/low-history,28.0,28.0,0.0,,,,0.0,-51.68,48.32,1,1,False
18447482,2026-01-27,Portland Trail Blazers @ Washington Wizards,0.123,Forming,early-season/low-history,12.0,28.0,0.0,,,,0.4,5.28,-7.68,1,1,False
18447483,2026-01-27,Sacramento Kings @ New York Knicks,0.018,Forming,early-season/low-history,12.0,14.4,0.0,,,,0.06,27.28,-28.86,1,1,False
18447484,2026-01-27,Milwaukee Bucks @ Philadelphia 76ers,0.105,Forming,early-season/low-history,28.0,14.4,0.0,,,,0.34,-19.68,17.14,2,1,False
18447485,2026-01-27,New Orleans Pelicans @ Oklahoma City Thunder,0.0,Forming,early-season/low-history,14.4,14.4,0.0,,,,0.0,-9.86,8.14,1,1,False
18447486,2026-01-27,Detroit Pistons @ Denver Nuggets,0.0,Forming,early-season/low-history,14.4,14.4,0.0,,,,0.0,-21.86,20.14,1,1,False
18447487,2026-01-27,Brooklyn Nets @ Phoenix Suns,0.0,Forming,early-season/low-history,14.4,14.4,0.0,,,,0.0,29.14,-30.86,1,1,False
18447488,2026-01-27,LA Clippers @ Utah Jazz,0.018,Forming,early-season/low-history,12.0,14.4,0.0,,,,0.06,-66.72,65.14,1,1,False
18447489,2026-01-28,Los Angeles Lakers @ Cleveland Cavaliers,0.0,Forming,early-season/low-history,14.4,14.4,0.0,,,,0.0,7.64,-9.36,2,2,False
18447490,2026-01-28,Chicago Bulls @ Indiana Pacers,0.0,Forming,early-season/low-history,14.4,14.4,0.0,,,,0.0,-10.86,9.14,1,2,False
18447491,2026-01-28,Atlanta Hawks @ Boston Celtics,0.0,Forming,early-season/low-history,14.4,14.4,0.0,,,,0.0,-12.36,10.64,2,1,False
18447492,2026-01-28,Orlando Magic @ Miami Heat,0.018,Forming,early-season/low-history,12.0,14.4,0.0,,,,0.06,36.28,-37.86,2,2,False
18447493,2026-01-28,New York Knicks @ Toronto Raptors,0.123,Forming,early-season/low-history,12.0,28.0,0.0,,,,0.4,-6.22,3.82,1,2,False
18447494,2026-01-28,Charlotte Hornets @ Memphis Grizzlies,0.0,Forming,early-season/low-history,14.4,14.4,0.0,,,,0.0,-23.86,22.14,2,2,False
18447495,2026-01-28,Minnesota Timberwolves @ Dallas Mavericks,0.018,Forming,early-season/low-history,12.0,14.4,0.0,,,,0.06,-1.22,-0.36,2,2,False
18447496,2026-01-28,Golden State Warriors @ Utah Jazz,0.105,Forming,early-season/low-history,28.0,14.4,0.0,,,,0.34,-21.68,19.14,2,2,False
18447497,2026-01-28,San Antonio Spurs @ Houston Rockets,0.018,Forming,early-season/low-history,14.4,12.0,0.0,,,,0.06,19.14,-20.72,1,1,False
18447343,2026-01-29,Miami Heat @ Chicago Bulls,0.242,Forming,early-season/low-history,47.5,47.5,0.35,,,,0.0,-14.85,9.15,3,3,False
18447498,2026-01-29,Sacramento Kings @ Philadelphia 76ers,0.148,Forming,early-season/low-history,31.9,14.4,0.019,,,,0.438,11.92,-14.7,3,2,False
18447499,2026-01-29,Milwaukee Bucks @ Washington Wizards,0.0,Forming,early-season/low-history,14.4,14.4,0.0,,,,0.0,9.64,-11.36,2,2,False
18447500,2026-01-29,Houston Rockets @ Atlanta Hawks,0.0,Forming,early-season/low-history,28.0,28.0,0.0,,,,0.0,15.32,-18.68,2,2,False
18447501,2026-01-29,Charlotte Hornets @ Dallas Mavericks,0.242,Forming,early-season/low-history,47.5,47.5,0.35,,,,0.0,-25.85,20.15,3,3,False
18447502,2026-01-29,Brooklyn Nets @ Denver Nuggets,0.0,Forming,early-season/low-history,14.4,14.4,0.0,,,,0.0,20.64,-22.36,2,2,False
18447503,2026-01-29,Detroit Pistons @ Phoenix Suns,0.0,Forming,early-season/low-history,14.4,14.4,0.0,,,,0.0,-13.86,12.14,2,2,False
18447504,2026-01-29,Oklahoma City Thunder @ Minnesota Timberwolves,0.376,Forming,early-season/low-history,47.5,14.4,0.175,,,,0.828,-0.35,-3.36,3,2,False
